latex,編碼,符號,點字,來源,count
!,0021,!,⠖,self,2
,0023,#,⠨⠼,self,2
\$,0024,$,⠈⠎,self,1
\%,0025,%,⠈⠴,self,2
\&,0026,&,⠸⠯,self,1
,0027,',⠄,self,2
(,0028,(,⠷,self,1
),0029,),⠾,self,1
\ast,002A,*,⠡,self,4
+,002B,+,⠬,self,3
",",002C,",",⠠,self,1
-,002D,-,⠤,self,4
,002E,.,⠨,self,2
/,002F,/,⠌,self,2
0,0030,0,⠴,self,2
1,0031,1,⠂,self,1
2,0032,2,⠆,self,2
3,0033,3,⠒,self,2
4,0034,4,⠲,self,1
5,0035,5,⠢,self,1
6,0036,6,⠖,self,2
7,0037,7,⠶,self,1
8,0038,8,⠦,self,3
9,0039,9,⠔,self,1
:,003A,:,⠒,self,2
;,003B,;,⠆,self,2
<,003C,<,⠐⠅,self,2
=,003D,=,⠨⠅,self,3
>,003E,>,⠴⠨⠂,self,2
?,003F,?,⠦,self,3
,0040,@,⠈⠁,umbs,1
,0041,A,⠠⠁,letter,1
,0042,B,⠠⠃,letter,1
,0043,C,⠠⠉,letter,1
,0044,D,⠠⠙,letter,1
,0045,E,⠠⠑,letter,1
,0046,F,⠠⠋,letter,1
,0047,G,⠠⠛,letter,1
,0048,H,⠠⠓,letter,1
,0049,I,⠠⠊,letter,2
,004A,J,⠠⠚,letter,1
,004B,K,⠠⠅,letter,1
,004C,L,⠠⠇,letter,1
,004D,M,⠠⠍,letter,1
,004E,N,⠠⠝,letter,1
,004F,O,⠠⠕,letter,1
,0050,P,⠠⠏,letter,1
,0051,Q,⠠⠟,letter,1
,0052,R,⠠⠗,letter,1
,0053,S,⠠⠎,letter,1
,0054,T,⠠⠞,letter,1
,0055,U,⠠⠥,letter,1
,0056,V,⠠⠧,letter,2
,0057,W,⠠⠺,letter,1
,0058,X,⠠⠭,letter,2
,0059,Y,⠠⠽,letter,1
,005A,Z,⠠⠵,letter,1
[,005B,[,⠈⠷,self,1
,005C,\,⠸⠡,umbs,1
],005D,],⠈⠾,self,1
,005E,^,⠸⠣,umbs,1
\_,005F,_,⠸,self,2
,0061,a,⠁,letter,1
,0062,b,⠃,letter,1
,0063,c,⠉,letter,1
,0064,d,⠙,letter,1
,0065,e,⠑,letter,1
,0066,f,⠋,letter,1
,0067,g,⠛,letter,1
,0068,h,⠓,letter,1
,0069,i,⠊,letter,1
,006A,j,⠚,letter,1
,006B,k,⠅,letter,1
,006C,l,⠇,letter,1
,006D,m,⠍,letter,1
,006E,n,⠝,letter,1
,006F,o,⠕,letter,1
,0070,p,⠏,letter,1
,0071,q,⠟,letter,1
,0072,r,⠗,letter,1
,0073,s,⠎,letter,1
,0074,t,⠞,letter,1
,0075,u,⠥,letter,1
,0076,v,⠧,letter,1
,0077,w,⠺,letter,1
,0078,x,⠭,letter,1
,0079,y,⠽,letter,1
,007A,z,⠵,letter,1
\{,007B,{,⠨⠷,self,1
|,007C,|,⠳,self,2
\},007D,},⠨⠾,self,1
~,007E,~,⠈⠱,self,2
,00A2,¢,⠈⠉,self,1
,00A3,£,⠈⠇,self,2
\S,00A7,§,⠈⠠⠎,self,1
,00A9,©,⠷⠠⠉⠾,umbs,1
,00AE,®,⠷⠠r⠾,umbs,1
^{\circ},00B0,°,⡘⠨⠡,self,1
\pm,00B1,±,⠬⠤,self,1
,00B2,²,⡘⠆,ctb,1
,00B3,³,⡘⠒,ctb,1
,00B6,¶,⠨⠏,self,2
\cdot,00B7,·,⠡,self,4
,00B9,¹,⡘⠂,ctb,1
,00BC,¼,⠂⠌⠲,ctb,1
,00BD,½,⠂⠌⠆,ctb,1
,00BE,¾,⠒⠌⠲,ctb,1
,00D7,×,⠈⠡,self,2
\div,00F7,÷,⠨⠌,self,1
A,0391,Α,⠨⠠⠁,self,1
B,0392,Β,⠨⠠⠃,self,1
\Gamma,0393,Γ,⠨⠠⠛,self,1
\Delta,0394,Δ,⠨⠠⠙,self,1
E,0395,Ε,⠨⠠⠑,self,1
Z,0396,Ζ,⠨⠠⠵,self,1
H,0397,Η,⠨⠠⠱,self,1
\Theta,0398,Θ,⠨⠠⠹,self,1
I,0399,Ι,⠨⠠⠊,self,1
K,039A,Κ,⠨⠠⠅,self,1
\Lambda,039B,Λ,⠨⠠⠇,self,1
M,039C,Μ,⠨⠠⠍,self,1
N,039D,Ν,⠨⠠⠝,self,1
Xi,039E,Ξ,⠨⠠⠭,self,1
O,039F,Ο,⠨⠠⠕,self,1
Pi,03A0,Π,⠨⠠⠏,self,2
P,03A1,Ρ,⠨⠠⠗,self,1
\Sigma,03A3,Σ,⠨⠠⠎,self,2
T,03A4,Τ,⠨⠠⠞,self,1
\Upslion,03A5,Υ,⠨⠠⠥,self,1
\Phi,03A6,Φ,⠨⠠⠋,self,1
X,03A7,Χ,⠨⠠⠯,self,1
\Psi,03A8,Ψ,⠨⠠⠽,self,1
\Omega,03A9,Ω,⠨⠠⠺,self,1
\alpha,03B1,α,⠨⠁,self,1
\beta,03B2,β,⠨⠃,self,1
\gamma,03B3,γ,⠨⠛,self,1
\delta,03B4,δ,⠨⠙,self,1
\epsilon,03B5,ε,⠨⠑,self,2
\zeta,03B6,ζ,⠨⠵,self,1
\eta,03B7,η,⠨⠱,self,1
\theta,03B8,θ,⠨⠹,self,1
\iota,03B9,ι,⠨⠊,self,1
\kappa,03BA,κ,⠨⠅,self,3
\lambda,03BB,λ,⠨⠇,self,1
\mu,03BC,μ,⠨⠍,self,1
\nu,03BD,ν,⠨⠝,self,1
\xi,03BE,ξ,⠨⠭,self,1
o,03BF,ο,⠨⠕,self,1
\pi,03C0,π,⠨⠏,self,2
\rho,03C1,ρ,⠨⠗,self,1
,03C2,ς,⠨⠒,umbs,1
\sigma,03C3,σ,⠨⠎,self,1
\tau,03C4,τ,⠨⠞,self,1
\upsilon,03C5,υ,⠨⠥,self,1
\phi,03C6,φ,⠨⠋,self,2
\chi,03C7,χ,⠨⠯,self,1
\psi,03C8,ψ,⠨⠽,self,1
\omega,03C9,ω,⠨⠺,self,1
,03D1,ϑ,⠨⠈⠹,umbs,1
,03D5,ϕ,⠨⠋,umbs,2
,03D6,ϖ,⠨⠈⠏,umbs,1
,03F0,ϰ,⠨⠈⠅,umbs,1
,03F5,ϵ,⠨⠑,umbs,2
,2013,–,⠤⠤,self,1
,2014,—,⠤⠤⠤⠤,self,1
,2015,―,⠱,self,1
\|,2016,‖,⠳⠳,self,1
,2018,‘,⠠⠦,self,1
,2019,’,⠴⠄,self,1
,201C,“,⠦,self,3
,201D,”,⠴,self,2
\dagger,2020,†,⠸⠻,self,1
\ddagger,2021,‡,⠸⠸⠻,self,1
,2022,•,⠔⠔,umbs,1
\cdots,2026,…,⠂⠂⠂,self,1
,2030,‰,⠈⠴⠴,umbs,1
,2031,‱,⠈⠴⠴⠴,umbs,1
,2032,′,⠄,umbs,2
,2033,″,⠄⠄,umbs,1
,2044,⁄,⠌,ctb,2
,2052,⁒,⠤,ctb,4
,210F,ℏ,⠈⠓,ctb,1
\Im,2111,ℑ,⠊⠍,self,1
,2113,ℓ,⠈⠇,umbs,2
\Re,211C,ℜ,⠗⠑,self,1
,212B,Å,⠈⠠⠁,umbs,1
,2160,Ⅰ,⠠⠊,self,2
,2161,Ⅱ,⠠⠠⠊⠊,self,1
,2162,Ⅲ,⠠⠠⠊⠊⠊,self,1
,2163,Ⅳ,⠠⠠⠊⠧,self,1
,2164,Ⅴ,⠠⠧,self,2
,2165,Ⅵ,⠠⠠⠧⠊,self,1
,2166,Ⅶ,⠠⠠⠧⠊⠊,self,1
,2167,Ⅷ,⠠⠠⠧⠊⠊⠊,self,1
,2168,Ⅸ,⠠⠠⠊⠭,self,1
,2169,Ⅹ,⠠⠭,self,2
\leftarrow,2190,←,⠫⠪⠒⠒,self,1
\uparrow,2191,↑,⠫⠣⠒⠒⠕,self,1
\rightarrow,2192,→,⠫⠒⠒⠕,self,1
\downarrow,2193,↓,⠫⠩⠒⠒⠕,self,1
,2194,↔,⠫⠪⠒⠒⠕,umbs,2
,2195,↕,⠫⠣⠪⠒⠒⠕,umbs,2
,2196,↖,⠫⠘⠪⠒⠒,umbs,1
,2197,↗,⠫⠘⠒⠒⠕,umbs,1
,2198,↘,⠫⠰⠒⠒⠕,umbs,1
,2199,↙,⠫⠰⠪⠒⠒,umbs,1
,219A,↚,⠳⠈⠫⠪⠒⠒⠻,umbs,2
,219B,↛,⠳⠈⠫⠒⠒⠕⠻,umbs,2
,219C,↜,⠫⠪⠔⠒⠢,umbs,1
,219D,↝,⠫⠔⠒⠢⠕,umbs,1
,219E,↞,⠫⠪⠪⠒⠒,umbs,1
,219F,↟,⠫⠣⠒⠒⠕⠕,umbs,1
,21A0,↠,⠫⠒⠒⠕⠕,umbs,1
,21A1,↡,⠫⠩⠒⠒⠕⠕,umbs,1
,21A2,↢,⠫⠪⠒⠒⠠⠽,umbs,1
,21A3,↣,⠫⠠⠯⠒⠒⠕,umbs,1
,21A4,↤,⠫⠪⠒⠒⠳,umbs,1
,21A5,↥,⠫⠣⠳⠒⠒⠕,umbs,1
,21A6,↦,⠫⠳⠒⠒⠕,umbs,1
,21A7,↧,⠫⠩⠳⠒⠒⠕,umbs,1
,21A8,↨,⠫⠣⠪⠒⠒⠕⠳,umbs,1
,21A9,↩,⠫⠪⠒⠒⠈⠽,umbs,1
,21AA,↪,⠫⠈⠯⠒⠒⠕,umbs,1
,21AD,↭,⠫⠪⠔⠒⠢⠕,umbs,1
,21AE,↮,⠳⠈⠫⠪⠒⠒⠕⠻,umbs,2
,21AF,↯,⠫⠩⠔⠢⠔⠕,umbs,1
,21B4,↴,⠫⠩⠠⠳⠒⠕,umbs,1
,21B5,↵,⠫⠪⠒⠈⠳,umbs,1
,21BA,↺,⠫⠢⠔⠕,umbs,1
,21BB,↻,⠫⠪⠢⠔,umbs,1
,21BC,↼,⠫⠈⠪⠒⠒,umbs,1
,21BD,↽,⠫⠠⠪⠒⠒,umbs,1
,21BE,↾,⠫⠣⠒⠒⠠⠕,umbs,1
,21BF,↿,⠫⠣⠒⠒⠈⠕,umbs,1
,21C0,⇀,⠫⠒⠒⠈⠕,umbs,1
,21C1,⇁,⠫⠒⠒⠠⠕,umbs,1
,21C2,⇂,⠫⠩⠒⠒⠈⠕,umbs,1
,21C3,⇃,⠫⠩⠒⠒⠠⠕,umbs,1
\rightleftarrows,21C4,⇄,⠫⠒⠒⠕⠫⠪⠒⠒,self,1
,21C5,⇅,⠫⠣⠒⠒⠕⠐⠫⠩⠒⠒⠕,self,1
,21C6,⇆,⠫⠪⠒⠒⠫⠒⠒⠕,umbs,1
,21C7,⇇,⠫⠪⠒⠒⠫⠪⠒⠒,umbs,1
,21C8,⇈,⠫⠣⠒⠒⠕⠐⠫⠣⠒⠒⠕,umbs,1
,21C9,⇉,⠫⠒⠒⠕⠫⠒⠒⠕,umbs,1
,21CA,⇊,⠫⠩⠒⠒⠕⠐⠫⠩⠒⠒⠕,umbs,1
,21CB,⇋,⠫⠈⠪⠒⠒⠫⠒⠒⠠⠕,umbs,1
\rightleftharpoons,21CC,⇌,⠫⠒⠒⠈⠕⠫⠠⠪⠒⠒,self,1
,21CD,⇍,⠳⠈⠫⠪⠶⠶⠻,umbs,1
,21CE,⇎,⠳⠈⠫⠪⠶⠶⠕⠻,umbs,1
,21CF,⇏,⠳⠈⠫⠶⠶⠕⠻,umbs,1
,21D0,⇐,⠫⠪⠶⠶,umbs,1
,21D1,⇑,⠫⠣⠶⠶⠕,umbs,1
,21D2,⇒,⠫⠶⠶⠕,umbs,1
,21D3,⇓,⠫⠩⠶⠶⠕,umbs,1
,21D4,⇔,⠫⠪⠶⠶⠕,umbs,1
,21D5,⇕,⠫⠣⠪⠶⠶⠕,umbs,1
,21D6,⇖,⠫⠘⠪⠶⠶,umbs,1
,21D7,⇗,⠫⠘⠶⠶⠕,umbs,1
,21D8,⇘,⠫⠰⠶⠶⠕,umbs,1
,21D9,⇙,⠫⠰⠪⠶⠶,umbs,1
,21DA,⇚,⠫⠪⠸⠸,umbs,1
,21DB,⇛,⠫⠸⠸⠕,umbs,1
,21DC,⇜,⠫⠪⠢⠤⠔⠒⠢,umbs,1
,21DD,⇝,⠫⠢⠤⠔⠒⠢⠕,umbs,1
,21DE,⇞,⠳⠳⠈⠫⠣⠒⠒⠕⠻,umbs,1
,21DF,⇟,⠳⠳⠈⠫⠩⠒⠒⠕⠻,umbs,1
,21E0,⇠,⠫⠪⠒⠀⠒,umbs,1
,21E1,⇡,⠫⠣⠒⠀⠒⠕,umbs,1
,21E2,⇢,⠫⠒⠀⠒⠕,umbs,1
,21E3,⇣,⠫⠩⠒⠀⠒⠕,umbs,1
,21E4,⇤,⠳⠫⠪⠒⠒,umbs,1
,21E5,⇥,⠫⠒⠒⠕⠳,umbs,1
,21F4,⇴,⠨⠡⠈⠫⠒⠒⠕⠻,umbs,1
,21F5,⇵,⠫⠩⠒⠒⠕⠐⠫⠣⠒⠒⠕,self,1
,21F6,⇶,⠫⠒⠒⠕⠫⠒⠒⠕⠫⠒⠒⠕,umbs,1
,21F7,⇷,⠳⠈⠫⠪⠒⠒⠻,umbs,2
,21F8,⇸,⠳⠈⠫⠒⠒⠕⠻,umbs,2
,21F9,⇹,⠳⠈⠫⠪⠒⠒⠕⠻,umbs,2
,21FA,⇺,⠳⠳⠈⠫⠪⠒⠒⠻,umbs,1
,21FB,⇻,⠳⠳⠈⠫⠒⠒⠕⠻,umbs,1
,21FC,⇼,⠳⠳⠈⠫⠪⠒⠒⠕⠻,umbs,1
\forall,2200,∀,⠈⠯,self,1
\partial,2202,∂,⠈⠙,self,1
\exists,2203,∃,⠈⠢,self,2
\nexists,2204,∄,⠌⠈⠢,self,2
\emptyset,2205,∅,⠸⠴,self,1
\nabla,2207,∇,⠨⠫,self,2
\in,2208,∈,⠈⠑,self,1
,2209,∉,⠌⠈⠑,self,1
,220B,∋,⠈⠢,ctb,2
,220C,∌,⠌⠈⠢,ctb,2
,220E,∎,⠸⠳,ctb,1
,220F,∏,⠨⠠⠏,ctb,2
,2211,∑,⠨⠠⠎,ctb,2
,2212,−,⠤,umbs,4
\mp,2213,∓,⠤⠬,self,1
,2214,∔,⠐⠬⠣⠡⠻,ctb,1
,2215,∕,⠸⠌,ctb,1
,2217,∗,⠈⠼,ctb,1
,2218,∘,⠨⠡,umbs,1
,2219,∙,⠡,ctb,4
,221A,√,⠜⠻,ctb,1
,221B,∛,⠣⠒⠜⠻,ctb,1
,221C,∜,⠣⠲⠜⠻,ctb,1
\propto,221D,∝,⠸⠿,self,1
\infty,221E,∞,⠠⠿,self,1
,221F,∟,⠫⠪⠨⠗⠻,umbs,1
\angle,2220,∠,⠫⠪,self,1
\measuredangle,2221,∡,⠫⠪⠸⠫⠫⠁⠻,self,2
,2222,∢,⠫⠪⠸⠫⠫⠁⠻,ctb,2
,2223,∣,⠳,ctb,2
,2224,∤,⠌⠳,ctb,1
\parallel,2225,∥,⠫⠇,self,1
\nparallel,2226,∦,⠌⠫⠇,self,1
,2227,∧,⠈⠩,self,2
,2228,∨,⠈⠬,self,2
,2229,∩,⠨⠩,self,2
,222A,∪,⠨⠬,self,2
\int,222B,∫,⠮,self,1
\iint,222C,∬,⠮⠮,self,1
\iiint,222D,∭,⠮⠮⠮,self,1
\oint,222E,∮,⠮⠈⠫⠉⠻,self,1
,222F,∯,⠮⠮⠈⠫⠑⠻,ctb,1
,2230,∰,⠮⠮⠮⠈⠫⠑⠻,ctb,1
,2232,∲,⠮⠈⠫⠪⠢⠔⠻,ctb,1
,2233,∳,⠮⠈⠫⠢⠔⠕⠻,ctb,1
\therefore,2234,∴,⠠⠡,self,1
\because,2235,∵,⠈⠌,self,1
∶,2236,∶,⠐⠂,self,1
,2237,∷,⠰⠆,self,2
,2238,∸,⠨⠤,self,1
,2239,∹,⠤⠐⠂,umbs,1
,223A,∺,⠐⠤⠩⠡⠡⠣⠡⠡⠻,umbs,1
,223B,∻,⠐⠈⠱⠩⠡⠣⠡⠻,umbs,2
\sim,223C,∼,⠈⠱,self,2
,223D,∽,⠠⠈⠱,ctb,1
,2241,≁,⠌⠈⠱,ctb,1
,2242,≂,⠱⠈⠱,ctb,1
,2243,≃,⠈⠱⠱,ctb,1
,2244,≄,⠌⠈⠱⠱,ctb,1
\cong,2245,≅,⠈⠱⠨⠅,self,1
,2246,≆,⠈⠱⠌⠨⠅,ctb,1
,2247,≇,⠌⠈⠱⠌⠨⠅,ctb,1
,2248,≈,⠈⠱⠈⠱,ctb,1
,2249,≉,⠌⠈⠱⠈⠱,ctb,1
,224A,≊,⠈⠱⠈⠱⠱,ctb,1
,224B,≋,⠈⠱⠈⠱⠈⠱,ctb,1
,224C,≌,⠠⠈⠱⠨⠅,ctb,1
,224D,≍,⠈⠣⠠⠣,ctb,2
,224E,≎,⠈⠣⠠⠣,ctb,2
,224F,≏,⠈⠣⠱,ctb,1
,2250,≐,⠐⠨⠅⠣⠡⠻,ctb,1
\doteqdot,2251,≑,⠐⠨⠅⠣⠡⠣⠡⠻,self,1
,2252,≒,⠐⠨⠅⠩⠡⠣⠡⠻,ctb,2
,2253,≓,⠐⠨⠅⠩⠡⠣⠡⠻,ctb,2
,2254,≔,⠐⠂⠨⠅,umbs,1
,2255,≕,⠨⠅⠐⠂,umbs,1
,2256,≖,⠨⠡⠈⠨⠅⠻,ctb,1
,2257,≗,⠐⠨⠅⠣⠨⠡⠻,ctb,1
,2258,≘,⠐⠨⠅⠣⠫⠁⠻,ctb,1
,2259,≙,⠐⠨⠅⠣⠸⠣⠻,ctb,1
,225A,≚,⠐⠨⠅⠣⠸⠩⠻,ctb,1
,225B,≛,⠐⠨⠅⠣⠈⠼⠻,ctb,2
\triangleq,225C,≜,⠐⠨⠅⠣⠫⠞⠻,self,1
,225D,≝,⠐⠨⠅⠣⠙⠑⠋⠻,ctb,1
,225E,≞,⠐⠨⠅⠣⠍⠻,ctb,1
,225F,≟,⠐⠨⠅⠣⠸⠦⠻,ctb,1
\ne,2260,≠,⠌⠨⠅,self,1
\equiv,2261,≡,⠸⠇,self,1
,2262,≢,⠌⠸⠇,ctb,1
,2263,≣,⠨⠅⠨⠅,ctb,1
\leq,2264,≤,⠐⠅⠱,self,1
\geq,2265,≥,⠨⠂⠱,self,1
,2266,≦,⠐⠅⠨⠅,ctb,1
,2267,≧,⠨⠂⠨⠅,ctb,1
,2268,≨,⠐⠅⠌⠨⠅,ctb,1
,2269,≩,⠨⠂⠌⠨⠅,ctb,1
\ll,226A,≪,⠐⠅⠈⠐⠅⠻,self,1
\gg,226B,≫,⠨⠂⠈⠨⠂⠻,self,1
,226D,≭,⠌⠈⠣⠠⠣,ctb,1
\nless,226E,≮,⠌⠐⠅,self,1
\ngtr,226F,≯,⠌⠨⠂,self,1
\nleqq,2270,≰,⠌⠐⠅⠱,self,1
\ngeqq,2271,≱,⠌⠨⠂⠱,self,1
,2272,≲,⠐⠅⠈⠱,ctb,1
,2273,≳,⠨⠂⠈⠱,ctb,1
,2274,≴,⠌⠐⠅⠈⠱,ctb,1
,2275,≵,⠌⠨⠂⠈⠱,ctb,1
,2276,≶,⠐⠅⠨⠂,ctb,1
\gtrless,2277,≷,⠨⠂⠐⠐⠅,self,2
,2278,≸,⠌⠐⠅⠨⠂,ctb,1
,2279,≹,⠌⠨⠂⠐⠅,ctb,1
,227A,≺,⠨⠐⠅,umbs,1
,227B,≻,⠨⠨⠂,umbs,1
,227E,≾,⠨⠐⠅⠈⠱,umbs,1
,227F,≿,⠨⠨⠂⠈⠱,umbs,1
\subset,2282,⊂,⠸⠐⠅,self,1
\supset,2283,⊃,⠸⠨⠂,self,1
,2284,⊄,⠌⠸⠐⠅,ctb,1
,2285,⊅,⠌⠸⠨⠂,ctb,1
\subseteq,2286,⊆,⠸⠐⠅⠱,self,1
\supseteq,2287,⊇,⠸⠨⠂⠱,self,1
,2288,⊈,⠌⠸⠐⠅⠱,ctb,1
,2289,⊉,⠌⠸⠨⠂⠱,ctb,1
,228A,⊊,⠸⠐⠅⠌⠨⠅,ctb,2
,228B,⊋,⠸⠨⠂⠌⠨⠅,ctb,2
,228C,⊌,⠨⠬⠈⠫⠪⠒⠻,umbs,1
,228D,⊍,⠡⠈⠨⠬⠻,umbs,1
,228E,⊎,⠬⠈⠨⠬⠻,umbs,1
\oplus,2295,⊕,⠫⠉⠸⠫⠬⠻,self,2
\ominus,2296,⊖,⠫⠉⠸⠫⠤⠻,self,1
\otimes,2297,⊗,⠫⠉⠸⠫⠈⠡⠻,self,2
,2298,⊘,⠫⠉⠸⠫⠸⠌⠻,ctb,1
\odot,2299,⊙,⠫⠉⠸⠫⠡⠻,self,2
,229A,⊚,⠫⠉⠸⠫⠨⠡⠻,ctb,1
,229B,⊛,⠫⠉⠸⠫⠈⠼⠻,ctb,1
,229C,⊜,⠫⠉⠸⠫⠨⠅⠻,ctb,1
,229D,⊝,⠫⠉⠸⠫⠤⠤⠻,ctb,1
,229E,⊞,⠫⠲⠸⠫⠬⠻,ctb,1
\boxminus,229F,⊟,⠫⠲⠸⠫⠱⠻,self,1
\boxtimes,22A0,⊠,⠫⠲⠸⠫⠢⠈⠔⠻,self,1
\boxdot,22A1,⊡,⠫⠲⠸⠫⠡⠻,self,1
,22A2,⊢,⠫⠳⠒⠒,ctb,2
,22A3,⊣,⠫⠒⠒⠳,ctb,2
,22A4,⊤,⠫⠣⠒⠒⠳,ctb,1
,22A5,⊥,⠫⠏,ctb,2
,22A6,⊦,⠫⠳⠒,ctb,1
,22A7,⊧,⠫⠳⠶,ctb,1
,22A8,⊨,⠫⠳⠶⠶,ctb,1
,22A9,⊩,⠫⠳⠳⠒,ctb,1
,22AA,⊪,⠫⠳⠳⠳⠒,ctb,1
,22AB,⊫,⠫⠳⠳⠶,ctb,1
,22AC,⊬,⠌⠫⠳⠒,ctb,1
,22AD,⊭,⠌⠫⠳⠶⠶,ctb,1
,22AE,⊮,⠌⠫⠳⠳⠒,ctb,1
,22AF,⊯,⠌⠫⠳⠳⠶,ctb,1
,22B6,⊶,⠫⠨⠡⠒⠒⠡,ctb,1
,22B7,⊷,⠫⠡⠒⠒⠨⠡,ctb,1
,22B8,⊸,⠫⠒⠒⠨⠡,ctb,1
,22BB,⊻,⠐⠈⠬⠩⠱⠻,ctb,1
,22BC,⊼,⠐⠈⠩⠣⠱⠻,ctb,1
,22BD,⊽,⠐⠈⠬⠣⠱⠻,ctb,1
,22BE,⊾,⠫⠪⠨⠗⠻⠸⠫⠫⠁⠻,ctb,1
,22BF,⊿,⠫⠞⠨⠗⠻,umbs,1
\wedge,22C0,⋀,⠈⠩,self,2
\vee,22C1,⋁,⠈⠬,self,2
\cap,22C2,⋂,⠨⠩,self,2
\cup,22C3,⋃,⠨⠬,self,2
.,22C5,⋅,⠨,self,2
\star,22C6,⋆,⠫⠎,self,2
,22CD,⋍,⠠⠱⠱,umbs,1
\#,22D5,⋕,⠨⠼,self,2
,22D6,⋖,⠡⠈⠐⠅⠻,ctb,1
,22D7,⋗,⠡⠈⠨⠂⠻,ctb,1
,22D8,⋘,⠐⠅⠈⠐⠅⠈⠐⠅⠻,umbs,1
,22D9,⋙,⠨⠂⠈⠨⠂⠈⠨⠂⠻,umbs,1
,22DC,⋜,⠱⠐⠅,ctb,1
,22DD,⋝,⠱⠨⠂,ctb,1
,22EE,⋮,⠩⠒⠒⠒,umbs,1
,22EF,⋯,⠒⠒⠒,umbs,1
,22F0,⋰,⠘⠒⠒⠒,umbs,1
,22F1,⋱,⠰⠒⠒⠒,umbs,1
,22F2,⋲,⠱⠈⠈⠑⠻,umbs,1
,22F5,⋵,⠐⠈⠑⠣⠡⠻,ctb,1
,22F6,⋶,⠐⠈⠑⠣⠱⠻,ctb,1
,22FA,⋺,⠱⠈⠈⠢⠻,umbs,1
,22FD,⋽,⠐⠈⠢⠣⠱⠻,ctb,1
,2305,⌅,⠐⠱⠩⠸⠣⠻,ctb,1
,2306,⌆,⠐⠨⠅⠩⠸⠣⠻,ctb,1
\lceil,2308,⌈,⠈⠘⠷,self,1
\rceil,2309,⌉,⠈⠘⠾,self,1
\lfloor,230A,⌊,⠈⠰⠷,self,1
\rfloor,230B,⌋,⠈⠰⠾,self,1
,2312,⌒,⠫⠁,ctb,2
\frown,2322,⌢,⠫⠁,self,2
\smile,2323,⌣,⠫⠄,self,1
,239B,⎛,⠠⠷,ctb,3
,239C,⎜,⠠⠷,ctb,3
,239D,⎝,⠠⠷,ctb,3
,239E,⎞,⠠⠾,ctb,3
,239F,⎟,⠠⠾,ctb,3
,23A0,⎠,⠠⠾,ctb,3
,23A1,⎡,⠈⠠⠷,ctb,3
,23A2,⎢,⠈⠠⠷,ctb,3
,23A3,⎣,⠈⠠⠷,ctb,3
,23A4,⎤,⠈⠠⠾,ctb,3
,23A5,⎥,⠈⠠⠾,ctb,3
,23A6,⎦,⠈⠠⠾,ctb,3
,23A7,⎧,⠨⠠⠷,ctb,3
,23A8,⎨,⠨⠠⠷,ctb,3
,23A9,⎩,⠨⠠⠷,ctb,3
,23AB,⎫,⠨⠠⠾,ctb,3
,23AC,⎬,⠨⠠⠾,ctb,3
,23AD,⎭,⠨⠠⠾,ctb,3
\blacksquare,25A0,■,⠫⠸⠲,self,1
\square,25A1,□,⠫⠲,self,1
,25AC,▬,⠫⠸⠗,umbs,1
,25AD,▭,⠫⠗,umbs,1
,25B2,▲,⠫⠸⠞,umbs,1
\triangle,25B3,△,⠫⠞,self,1
,25BC,▼,⠸⠨⠫,umbs,1
\triangledown,25BD,▽,⠨⠫,self,2
\diamond,25C7,◇,⠫⠙,self,1
,25CB,○,⠫⠉,umbs,1
,25CF,●,⠫⠸⠉,umbs,1
,25EB,◫,⠫⠲⠸⠫⠳⠻,umbs,1
,2606,☆,⠫⠎,self,2
\perp,27C2,⟂,⠫⠏,self,2
,27C3,⟃,⠨⠡⠈⠸⠐⠅⠻,umbs,1
,27C4,⟄,⠨⠡⠈⠸⠨⠂⠻,umbs,1
,27C7,⟇,⠈⠬⠈⠡⠻,ctb,1
,27DC,⟜,⠫⠨⠡⠒⠒,umbs,1
,27DD,⟝,⠫⠳⠒⠒,umbs,2
,27DE,⟞,⠫⠒⠒⠳,umbs,2
,27DF,⟟,⠫⠣⠳⠒⠒⠨⠡,umbs,1
,27E6,⟦,⠈⠸⠷,ctb,1
,27E7,⟧,⠈⠸⠾,ctb,1
,27E8,⟨,⠨⠨⠷,ctb,1
,27E9,⟩,⠨⠨⠾,ctb,1
,27EA,⟪,⠨⠨⠷⠨⠨⠷,ctb,1
,27EB,⟫,⠨⠨⠾⠨⠨⠾,ctb,1
,27EC,⟬,⠈⠈⠸⠷,ctb,1
,27ED,⟭,⠈⠈⠸⠾,ctb,1
,27F5,⟵,⠫⠪⠒⠒⠒,umbs,1
,27F6,⟶,⠫⠒⠒⠒⠕,umbs,1
\leftrightarrow,27F7,⟷,⠫⠪⠒⠒⠕,self,2
,27F8,⟸,⠫⠪⠶⠶⠶,umbs,1
,27F9,⟹,⠫⠶⠶⠶⠕,umbs,1
,27FA,⟺,⠫⠪⠶⠶⠶⠕,umbs,1
,27FB,⟻,⠫⠪⠒⠒⠒⠳,umbs,1
,27FC,⟼,⠫⠳⠒⠒⠒⠕,umbs,1
,27FD,⟽,⠫⠪⠶⠶⠶⠳,umbs,1
,27FE,⟾,⠫⠳⠶⠶⠶⠕,umbs,1
,27FF,⟿,⠫⠢⠤⠔⠒⠢⠤⠔⠒⠢⠕,umbs,1
,2921,⤡,⠫⠘⠪⠒⠒⠕,umbs,1
,2922,⤢,⠫⠰⠪⠒⠒⠕,umbs,1
,2945,⥅,⠐⠫⠒⠒⠕⠩⠬⠻,ctb,1
,2946,⥆,⠐⠫⠪⠒⠒⠩⠬⠻,ctb,1
,2948,⥈,⠫⠪⠒⠒⠕⠈⠨⠡⠻,ctb,1
,2971,⥱,⠐⠫⠒⠒⠕⠣⠨⠅⠻,ctb,1
,2972,⥲,⠐⠫⠒⠒⠕⠣⠈⠱⠻,ctb,1
,2973,⥳,⠐⠫⠪⠒⠒⠩⠈⠱⠻,ctb,1
,2974,⥴,⠐⠫⠒⠒⠕⠩⠈⠱⠻,ctb,1
,2975,⥵,⠐⠫⠒⠒⠕⠩⠈⠱⠈⠱⠻,ctb,1
,2976,⥶,⠐⠫⠪⠒⠒⠣⠐⠅⠻,ctb,1
,2977,⥷,⠫⠪⠒⠒⠈⠐⠅⠻,ctb,1
,2978,⥸,⠐⠫⠒⠒⠕⠣⠨⠂⠻,ctb,1
,2979,⥹,⠐⠫⠒⠒⠕⠣⠸⠐⠅⠻,ctb,1
,297A,⥺,⠫⠪⠒⠒⠈⠸⠐⠅⠻,ctb,1
,297B,⥻,⠐⠫⠪⠒⠒⠣⠸⠨⠂⠻,ctb,1
,2983,⦃,⠨⠸⠷,ctb,1
,2984,⦄,⠨⠸⠾,ctb,1
,2991,⦑,⠡⠈⠨⠨⠷⠻,umbs,1
,2992,⦒,⠡⠈⠨⠨⠾⠻,umbs,1
,299F,⦟,⠫⠪⠨⠁⠻,ctb,1
,29A4,⦤,⠫⠪⠱,ctb,1
,29A6,⦦,⠫⠪⠨⠕⠻,ctb,1
,29C4,⧄,⠫⠲⠸⠫⠔⠻,self,1
,29C5,⧅,⠫⠲⠸⠫⠢⠻,self,1
,29C6,⧆,⠫⠲⠸⠫⠈⠼⠻,umbs,1
,29CA,⧊,⠐⠫⠞⠣⠡⠻,umbs,1
,29CB,⧋,⠫⠞⠱,umbs,1
,29CC,⧌,⠫⠞⠎,umbs,1
,29E6,⧦,⠫⠳⠶⠶⠳,umbs,1
,2A00,⨀,⠫⠉⠸⠫⠡⠻,ctb,2
,2A01,⨁,⠫⠉⠸⠫⠬⠻,ctb,2
,2A02,⨂,⠫⠉⠸⠫⠈⠡⠻,ctb,2
,2A03,⨃,⠨⠬⠈⠫⠡⠻,ctb,1
,2A04,⨄,⠨⠬⠈⠫⠬⠻,ctb,1
,2A07,⨇,⠈⠩⠈⠈⠩⠻,ctb,2
,2A08,⨈,⠈⠬⠈⠈⠬⠻,ctb,2
\times,2A09,⨉,⠈⠡,self,2
,2A0A,⨊,⠨⠠⠎⠈⠫⠉⠻,ctb,1
,2A0B,⨋,⠮⠈⠨⠠⠎⠻,ctb,1
,2A0C,⨌,⠮⠮⠮⠮,ctb,1
,2A0D,⨍,⠮⠈⠱⠻,ctb,1
,2A0E,⨎,⠮⠈⠱⠱⠻,ctb,1
,2A0F,⨏,⠮⠈⠸⠌⠻,ctb,1
,2A10,⨐,⠮⠈⠠⠉⠻,ctb,1
,2A15,⨕,⠮⠈⠫⠉⠸⠫⠡⠻⠻,ctb,1
,2A16,⨖,⠮⠈⠫⠲⠻,ctb,1
,2A18,⨘,⠮⠈⠈⠡⠻,ctb,1
,2A19,⨙,⠮⠈⠨⠩⠻,ctb,1
,2A1A,⨚,⠮⠈⠨⠬⠻,ctb,1
,2A1B,⨛,⠣⠮,ctb,1
,2A1C,⨜,⠩⠮,ctb,1
,2A22,⨢,⠐⠬⠣⠨⠡⠻,umbs,1
,2A23,⨣,⠐⠬⠣⠸⠣⠻,umbs,1
,2A24,⨤,⠐⠬⠣⠈⠱⠻,umbs,1
,2A25,⨥,⠐⠬⠩⠡⠻,umbs,1
,2A2A,⨪,⠐⠱⠩⠡⠻,ctb,1
,2A30,⨰,⠐⠈⠡⠣⠡⠻,ctb,1
,2A31,⨱,⠐⠈⠡⠩⠱⠻,ctb,1
,2A36,⨶,⠐⠫⠉⠸⠫⠈⠡⠻⠣⠸⠣⠻,ctb,1
,2A37,⨷,⠫⠉⠸⠫⠫⠉⠸⠫⠈⠡⠻⠻,ctb,1
,2A38,⨸,⠫⠉⠸⠫⠨⠌⠻,ctb,1
,2A39,⨹,⠫⠞⠸⠫⠬⠻,ctb,1
,2A3A,⨺,⠫⠞⠸⠫⠤⠻,ctb,1
,2A3B,⨻,⠫⠞⠸⠫⠈⠡⠻,ctb,1
,2A40,⩀,⠨⠩⠈⠡⠻,ctb,1
,2A41,⩁,⠨⠬⠈⠤⠻,ctb,1
,2A42,⩂,⠐⠨⠬⠣⠱⠻,ctb,1
,2A43,⩃,⠐⠨⠩⠣⠱⠻,ctb,1
,2A44,⩄,⠨⠩⠈⠈⠩⠻,ctb,1
,2A45,⩅,⠨⠬⠈⠈⠬⠻,ctb,1
,2A46,⩆,⠨⠬⠨⠩,ctb,1
,2A47,⩇,⠨⠩⠨⠬,ctb,1
,2A48,⩈,⠨⠬⠱⠨⠩,ctb,1
,2A49,⩉,⠨⠩⠱⠨⠬,ctb,1
,2A4A,⩊,⠨⠬⠐⠨⠬,ctb,1
,2A4B,⩋,⠨⠩⠐⠨⠩,ctb,1
,2A51,⩑,⠐⠈⠩⠣⠡⠻,ctb,1
,2A52,⩒,⠐⠈⠬⠣⠡⠻,ctb,1
,2A53,⩓,⠈⠩⠈⠩,ctb,1
,2A54,⩔,⠈⠬⠈⠬,ctb,1
,2A55,⩕,⠈⠩⠈⠈⠩⠻,ctb,2
,2A56,⩖,⠈⠬⠈⠈⠬⠻,ctb,2
,2A59,⩙,⠈⠬⠈⠈⠩⠻,ctb,1
,2A5A,⩚,⠈⠩⠈⠳⠻,ctb,1
,2A5B,⩛,⠈⠬⠈⠳⠻,ctb,1
,2A5C,⩜,⠈⠩⠈⠱⠻,ctb,1
,2A5D,⩝,⠈⠬⠈⠱⠻,ctb,1
,2A5E,⩞,⠐⠈⠩⠣⠱⠱⠻,ctb,1
,2A5F,⩟,⠐⠈⠩⠩⠱⠻,ctb,1
,2A60,⩠,⠐⠈⠩⠩⠱⠱⠻,ctb,1
,2A62,⩢,⠐⠈⠬⠣⠱⠱⠻,ctb,1
,2A63,⩣,⠐⠈⠬⠩⠱⠱⠻,ctb,1
,2A66,⩦,⠐⠨⠅⠩⠡⠻,ctb,1
,2A67,⩧,⠐⠸⠇⠣⠡⠻,ctb,1
,2A68,⩨,⠳⠳⠈⠸⠇⠻,ctb,1
,2A69,⩩,⠳⠳⠳⠈⠸⠇⠻,ctb,1
,2A6A,⩪,⠐⠈⠱⠣⠡⠻,ctb,1
,2A6B,⩫,⠐⠈⠱⠩⠡⠣⠡⠻,ctb,2
,2A6C,⩬,⠈⠱⠱⠈⠱,ctb,1
,2A6D,⩭,⠐⠈⠱⠨⠅⠣⠡⠻,ctb,1
,2A6E,⩮,⠐⠨⠅⠣⠈⠼⠻,ctb,2
,2A6F,⩯,⠐⠈⠱⠈⠱⠣⠸⠣⠻,ctb,1
,2A70,⩰,⠈⠱⠈⠱⠨⠅,self,1
,2A71,⩱,⠐⠨⠅⠩⠬⠻,ctb,1
,2A72,⩲,⠐⠨⠅⠣⠬⠻,ctb,1
,2A73,⩳,⠨⠅⠈⠱,ctb,1
,2A74,⩴,⠐⠂⠐⠂⠨⠅,umbs,1
,2A75,⩵,⠨⠅⠐⠨⠅,ctb,1
,2A76,⩶,⠨⠅⠐⠨⠅⠐⠨⠅,ctb,1
,2A77,⩷,⠐⠨⠅⠩⠡⠡⠣⠡⠡⠻,ctb,1
,2A78,⩸,⠐⠸⠇⠣⠡⠡⠡⠡⠻,ctb,1
,2A79,⩹,⠐⠅⠈⠨⠡⠻,ctb,1
,2A7A,⩺,⠨⠂⠈⠨⠡⠻,ctb,1
,2A7B,⩻,⠐⠐⠅⠣⠸⠦⠻,ctb,1
,2A7C,⩼,⠐⠨⠂⠣⠸⠦⠻,ctb,1
,2A7D,⩽,⠐⠅⠱⠱,ctb,1
,2A7E,⩾,⠨⠂⠱⠱,ctb,1
,2A7F,⩿,⠐⠅⠱⠱⠈⠡⠻,ctb,1
,2A80,⪀,⠨⠂⠱⠱⠈⠡⠻,ctb,1
,2A81,⪁,⠐⠐⠅⠱⠱⠣⠡⠻,ctb,1
,2A82,⪂,⠐⠨⠂⠱⠱⠣⠡⠻,ctb,1
,2A83,⪃,⠐⠅⠱⠱⠘⠡,ctb,1
,2A84,⪄,⠨⠂⠱⠱⠘⠡,ctb,1
,2A85,⪅,⠐⠅⠈⠱⠈⠱,ctb,1
,2A86,⪆,⠨⠂⠈⠱⠈⠱,ctb,1
,2A8B,⪋,⠐⠅⠨⠅⠨⠂,umbs,1
,2A8C,⪌,⠨⠂⠨⠅⠐⠅,umbs,1
,2A8D,⪍,⠐⠅⠈⠱⠱,ctb,1
,2A8E,⪎,⠨⠂⠈⠱⠱,ctb,1
,2A8F,⪏,⠐⠅⠈⠱⠨⠂,ctb,1
,2A90,⪐,⠨⠂⠈⠱⠐⠅,ctb,1
,2A91,⪑,⠐⠅⠨⠂⠨⠅,ctb,1
,2A92,⪒,⠨⠂⠐⠅⠨⠅,ctb,1
,2A99,⪙,⠨⠅⠐⠅,umbs,1
,2A9A,⪚,⠨⠅⠨⠂,umbs,1
,2A9D,⪝,⠈⠱⠐⠅,ctb,1
,2A9E,⪞,⠈⠱⠨⠂,ctb,1
,2A9F,⪟,⠈⠱⠐⠅⠨⠅,umbs,1
,2AA0,⪠,⠈⠱⠨⠂⠨⠅,umbs,1
,2AA4,⪤,⠨⠂⠈⠐⠅⠻,ctb,1
,2AA5,⪥,⠨⠂⠐⠐⠅,ctb,2
,2AAE,⪮,⠈⠣⠨⠅,umbs,1
,2AAF,⪯,⠨⠐⠅⠱,umbs,1
,2AB0,⪰,⠨⠨⠂⠱,umbs,1
,2AB1,⪱,⠨⠐⠅⠌⠱,umbs,1
,2AB2,⪲,⠨⠨⠂⠌⠱,umbs,1
,2AB3,⪳,⠨⠐⠅⠨⠅,umbs,1
,2AB4,⪴,⠨⠨⠂⠨⠅,umbs,1
,2AB5,⪵,⠨⠐⠅⠌⠨⠅,umbs,1
,2AB6,⪶,⠨⠨⠂⠌⠨⠅,umbs,1
,2AB7,⪷,⠨⠐⠅⠈⠱⠈⠱,umbs,1
,2AB8,⪸,⠨⠨⠂⠈⠱⠈⠱,umbs,1
,2AB9,⪹,⠨⠐⠅⠌⠈⠱⠈⠱,umbs,1
,2ABA,⪺,⠨⠨⠂⠌⠈⠱⠈⠱,umbs,1
,2ABB,⪻,⠨⠐⠅⠈⠨⠐⠅⠻,umbs,1
,2ABC,⪼,⠨⠨⠂⠈⠨⠨⠂⠻,umbs,1
,2ABD,⪽,⠸⠐⠅⠸⠫⠡⠻,ctb,1
,2ABE,⪾,⠸⠨⠂⠸⠫⠡⠻,ctb,1
,2ABF,⪿,⠐⠸⠐⠅⠩⠬⠻,ctb,1
,2AC0,⫀,⠐⠸⠨⠂⠩⠬⠻,ctb,1
,2AC1,⫁,⠐⠸⠐⠅⠩⠈⠡⠻,ctb,1
,2AC2,⫂,⠐⠸⠨⠂⠩⠈⠡⠻,ctb,1
,2AC3,⫃,⠐⠸⠐⠅⠱⠣⠡⠻,ctb,1
,2AC4,⫄,⠐⠸⠨⠂⠱⠣⠡⠻,ctb,1
,2AC5,⫅,⠸⠐⠅⠨⠅,ctb,1
,2AC6,⫆,⠸⠨⠂⠨⠅,ctb,1
,2AC7,⫇,⠸⠐⠅⠈⠱,ctb,1
,2AC8,⫈,⠸⠨⠂⠈⠱,ctb,1
,2AC9,⫉,⠸⠐⠅⠈⠱⠈⠱,ctb,1
,2ACA,⫊,⠸⠨⠂⠈⠱⠈⠱,ctb,1
,2ACB,⫋,⠸⠐⠅⠌⠨⠅,ctb,2
,2ACC,⫌,⠸⠨⠂⠌⠨⠅,ctb,2
,2ACF,⫏,⠸⠐⠅⠳,ctb,1
,2AD0,⫐,⠳⠸⠨⠂,ctb,1
,2AD3,⫓,⠸⠐⠅⠸⠨⠂,ctb,1
,2AD4,⫔,⠸⠨⠂⠸⠐⠅,ctb,1
,2AD5,⫕,⠸⠐⠅⠸⠐⠅,ctb,1
,2AD6,⫖,⠸⠨⠂⠸⠨⠂,ctb,1
,2AD7,⫗,⠸⠨⠂⠐⠸⠐⠅,ctb,1
,2ADC,⫝̸,⠌⠫⠩⠒⠒⠳⠽,ctb,1
,2ADD,⫝,⠫⠩⠒⠒⠳⠽,ctb,1
,2ADE,⫞,⠫⠒⠳,ctb,1
,2AE3,⫣,⠫⠒⠳⠳,ctb,1
,2AE4,⫤,⠫⠶⠳,ctb,1
,2AE5,⫥,⠫⠶⠳⠳,ctb,1
,2AE6,⫦,⠫⠳⠒⠐⠫⠳⠒,ctb,1
,2AE7,⫧,⠐⠨⠅⠩⠳⠻,ctb,1
,2AE8,⫨,⠐⠨⠅⠣⠳⠻,ctb,1
,2AE9,⫩,⠐⠨⠅⠩⠳⠣⠳⠻,ctb,1
,2AEA,⫪,⠫⠣⠶⠶⠳,ctb,1
,2AEF,⫯,⠐⠳⠣⠨⠡⠻,ctb,1
,2AF0,⫰,⠐⠳⠩⠨⠡⠻,ctb,1
,2AF1,⫱,⠐⠨⠡⠣⠫⠣⠒⠒⠳⠻,ctb,1
,2AF2,⫲,⠱⠈⠫⠇⠻,ctb,1
,2AF3,⫳,⠈⠱⠈⠫⠇⠻,ctb,1
,2AF4,⫴,⠳⠳⠳,ctb,2
,2AF5,⫵,⠱⠈⠳⠳⠳⠻,ctb,1
,2AFC,⫼,⠳⠳⠳,ctb,2
,2B1F,⬟,⠫⠸⠢,umbs,1
,2B20,⬠,⠫⠢,umbs,1
,2B21,⬡,⠫⠖,umbs,1
,2B22,⬢,⠫⠸⠖,umbs,1
,2B2C,⬬,⠫⠸⠑,umbs,1
,2B2D,⬭,⠫⠑,umbs,1
,2B30,⬰,⠨⠡⠈⠫⠪⠒⠒⠻,umbs,1
,2B31,⬱,⠫⠪⠒⠒⠫⠪⠒⠒⠫⠪⠒⠒,umbs,1
,2B32,⬲,⠫⠪⠒⠒⠈⠫⠉⠸⠫⠬⠻,umbs,1
,2B3E,⬾,⠫⠪⠒⠒⠈⠈⠡⠻,ctb,1
,2B40,⭀,⠐⠫⠪⠒⠒⠣⠨⠅⠻,ctb,1
,2B43,⭃,⠫⠒⠒⠕⠈⠨⠂⠻,ctb,1
,2B44,⭄,⠫⠒⠒⠕⠈⠸⠨⠂⠻,ctb,1
,2B49,⭉,⠐⠫⠪⠒⠒⠣⠈⠱⠻,ctb,1
,2B4A,⭊,⠐⠫⠪⠒⠒⠩⠈⠱⠈⠱⠻,ctb,1
\updownarrow,2B65,⭥,⠫⠣⠪⠒⠒⠕,self,2
,2BC3,⯃,⠫⠸⠦,umbs,1
,2E2C,⸬,⠰⠆,self,2
,3010,【,⠸⠈⠷,self,1
,3011,】,⠸⠈⠾,self,1
,7121,無,⠸,self,2
,FE62,﹢,⠬,ctb,3
,FE64,﹤,⠣,ctb,1
,FE65,﹥,⠜,ctb,1
,FE66,﹦,⠿,ctb,1
,FF05,％,⠈⠴,self,2
,FF0B,＋,⠬,self,3
,FF0D,－,⠤,self,4
,FF0E,．,⠡,self,4
,FF1C,＜,⠐⠅,self,2
,FF1D,＝,⠨⠅,self,3
,FF1E,＞,⠴⠨⠂,self,2
