latex,code,symbol,nemeth,source,priority,ingore-braille-space
 ,00020, ,⠀,self2,1,False
!,00021,!,⠯,self2,1,True
\#,00023,#,⠨⠼,self,1,True
\$,00024,$,⠈⠎,self,1,True
\%,00025,%,⠈⠴,self,1,True
\&,00026,&,⠸⠯,self,1,True
,00027,',⠄,self,1,True
(,00028,(,⠷,self,1,True
),00029,),⠾,self,1,True
\ast,0002A,*,⠡,self,2,True
+,0002B,+,⠬,self,1,True
",",0002C,",",⠠,self,1,True
-,0002D,-,⠤,self,1,True
.,0002E,.,⠨,self,1,True
/,0002F,/,⠌,self,1,True
0,00030,0,⠴,self,1,True
1,00031,1,⠂,self,1,True
2,00032,2,⠆,self,1,True
3,00033,3,⠒,self,1,True
4,00034,4,⠲,self,1,True
5,00035,5,⠢,self,1,True
6,00036,6,⠖,self,1,True
7,00037,7,⠶,self,1,True
8,00038,8,⠦,self,1,True
9,00039,9,⠔,self,1,True
:,0003A,:,⠐⠂,self2,1,True
;,0003B,;,⠸⠆,self2,1,True
<,0003C,<,⠐⠅,self,1,True
=,0003D,=,⠀⠨⠅⠀,self,1,True
>,0003E,>,⠀⠨⠂⠀,self2,1,False
?,0003F,?,⠸⠦,self2,1,True
@,00040,@,⠈⠁,umbs,1,True
[,0005B,[,⠈⠷,self,1,True
\backslash,0005C,\,⠸⠡,umbs,1,True
],0005D,],⠈⠾,self,1,True
\sphat,0005E,^,⠸⠣,umbs,1,True
\_,0005F,_,⠸,self,1,True
\{,0007B,{,⠨⠷,self,1,True
|,0007C,|,⠳,self,1,True
\},0007D,},⠨⠾,self,1,True
~,0007E,~,⠈⠱,self,2,True
\cent,000A2,¢,⠈⠉,self,1,True
\pounds,000A3,£,⠈⠇,self,1,True
\S,000A7,§,⠈⠠⠎,self,1,True
,000A9,©,⠷⠠⠉⠾,umbs,1,True
\circledR,000AE,®,⠷⠠r⠾,umbs,1,True
^{\circ},000B0,°,⡘⠨⠡,self,1,True
\pm,000B1,±,⠬⠤,self,1,True
,000B2,²,⡘⠆,ctb,1,True
,000B3,³,⡘⠒,ctb,1,True
,000B6,¶,⠨⠏,self,2,True
\cdot,000B7,·,⠡,self,1,True
,000B9,¹,⡘⠂,ctb,1,True
,000BC,¼,⠂⠌⠲,ctb,1,True
,000BD,½,⠂⠌⠆,ctb,1,True
,000BE,¾,⠒⠌⠲,ctb,1,True
\times,000D7,×,⠈⠡,self,1,True
\div,000F7,÷,⠨⠌,self,1,True
A,00391,Α,⠨⠠⠁,self,1,True
B,00392,Β,⠨⠠⠃,self,1,True
\Gamma,00393,Γ,⠨⠠⠛,self,1,True
\Delta,00394,Δ,⠨⠠⠙,self,1,True
E,00395,Ε,⠨⠠⠑,self,1,True
Z,00396,Ζ,⠨⠠⠵,self,1,True
H,00397,Η,⠨⠠⠱,self,1,True
\Theta,00398,Θ,⠨⠠⠹,self,1,True
I,00399,Ι,⠨⠠⠊,self,1,True
K,0039A,Κ,⠨⠠⠅,self,1,True
\Lambda,0039B,Λ,⠨⠠⠇,self,1,True
M,0039C,Μ,⠨⠠⠍,self,1,True
N,0039D,Ν,⠨⠠⠝,self,1,True
Xi,0039E,Ξ,⠨⠠⠭,self,1,True
O,0039F,Ο,⠨⠠⠕,self,1,True
Pi,003A0,Π,⠨⠠⠏,self,2,True
P,003A1,Ρ,⠨⠠⠗,self,1,True
\Sigma,003A3,Σ,⠨⠠⠎,self,2,True
T,003A4,Τ,⠨⠠⠞,self,1,True
\Upslion,003A5,Υ,⠨⠠⠥,self,1,True
\Phi,003A6,Φ,⠨⠠⠋,self,1,True
X,003A7,Χ,⠨⠠⠯,self,1,True
\Psi,003A8,Ψ,⠨⠠⠽,self,1,True
\Omega,003A9,Ω,⠨⠠⠺,self,1,True
\alpha,003B1,α,⠨⠁,self,1,True
\beta,003B2,β,⠨⠃,self,1,True
\gamma,003B3,γ,⠨⠛,self,1,True
\delta,003B4,δ,⠨⠙,self,1,True
\epsilon,003B5,ε,⠨⠑,self,1,True
\zeta,003B6,ζ,⠨⠵,self,1,True
\eta,003B7,η,⠨⠱,self,1,True
\theta,003B8,θ,⠨⠹,self,1,True
\iota,003B9,ι,⠨⠊,self,1,True
\kappa,003BA,κ,⠨⠅,self,2,True
\lambda,003BB,λ,⠨⠇,self,1,True
\mu,003BC,μ,⠨⠍,self,1,True
\nu,003BD,ν,⠨⠝,self,1,True
\xi,003BE,ξ,⠨⠭,self,1,True
o,003BF,ο,⠨⠕,self,1,True
\pi,003C0,π,⠨⠏,self,1,True
\rho,003C1,ρ,⠨⠗,self,1,True
\varsigma,003C2,ς,⠨⠒,umbs,1,True
\sigma,003C3,σ,⠨⠎,self,1,True
\tau,003C4,τ,⠨⠞,self,1,True
\upsilon,003C5,υ,⠨⠥,self,1,True
\phi,003C6,φ,⠨⠋,self,1,True
\chi,003C7,χ,⠨⠯,self,1,True
\psi,003C8,ψ,⠨⠽,self,1,True
\omega,003C9,ω,⠨⠺,self,1,True
\vartheta,003D1,ϑ,⠨⠈⠹,umbs,1,True
\phi,003D5,ϕ,⠨⠋,umbs,2,True
\varpi,003D6,ϖ,⠨⠈⠏,umbs,1,True
\varkappa,003F0,ϰ,⠨⠈⠅,umbs,1,True
\epsilon,003F5,ϵ,⠨⠑,umbs,2,True
,02013,–,⠤⠤,self,1,True
,02014,—,⠤⠤⠤⠤,self,1,True
,02015,―,⠱,self,1,True
\|,02016,‖,⠳⠳,self,1,True
,02018,‘,⠠⠦,self,1,True
,02019,’,⠴⠄,self,1,True
,0201C,“,⠦,self,2,True
,0201D,”,⠴,self,2,True
\dagger,02020,†,⠸⠻,self,1,True
\ddagger,02021,‡,⠸⠸⠻,self,1,True
\bullet,02022,•,⠔⠔,umbs,1,True
\cdots,02026,…,⠂⠂⠂,self,1,True
,02030,‰,⠈⠴⠴,umbs,1,True
,02031,‱,⠈⠴⠴⠴,umbs,1,True
\prime,02032,′,⠄,umbs,2,True
\second,02033,″,⠄⠄,umbs,1,True
,02044,⁄,⠌,ctb,2,True
,02052,⁒,⠤,ctb,4,True
\hslash,0210F,ℏ,⠈⠓,ctb,1,True
\Im,02111,ℑ,⠊⠍,self,1,True
\ell,02113,ℓ,⠈⠰⠇,self2,1,True
\Re,0211C,ℜ,⠗⠑,self,1,True
\Angstroem,0212B,Å,⠈⠠⠁,umbs,1,True
,02160,Ⅰ,⠠⠊,self,2,True
,02161,Ⅱ,⠠⠠⠊⠊,self,1,True
,02162,Ⅲ,⠠⠠⠊⠊⠊,self,1,True
,02163,Ⅳ,⠠⠠⠊⠧,self,1,True
,02164,Ⅴ,⠠⠧,self,2,True
,02165,Ⅵ,⠠⠠⠧⠊,self,1,True
,02166,Ⅶ,⠠⠠⠧⠊⠊,self,1,True
,02167,Ⅷ,⠠⠠⠧⠊⠊⠊,self,1,True
,02168,Ⅸ,⠠⠠⠊⠭,self,1,True
,02169,Ⅹ,⠠⠭,self,2,True
\leftarrow,02190,←,⠫⠪⠒⠒,self,1,True
\uparrow,02191,↑,⠫⠣⠒⠒⠕,self,1,True
\rightarrow,02192,→,⠫⠒⠒⠕,self,1,True
\downarrow,02193,↓,⠫⠩⠒⠒⠕,self,1,True
\leftrightarrow,02194,↔,⠫⠪⠒⠒⠕,umbs,1,True
\updownarrow,02195,↕,⠫⠣⠪⠒⠒⠕,umbs,1,True
\nwarrow,02196,↖,⠫⠘⠪⠒⠒,umbs,1,True
\nearrow,02197,↗,⠫⠘⠒⠒⠕,umbs,1,True
\searrow,02198,↘,⠫⠰⠒⠒⠕,umbs,1,True
\swarrow,02199,↙,⠫⠰⠪⠒⠒,umbs,1,True
\nleftarrow,0219A,↚,⠳⠈⠫⠪⠒⠒⠻,umbs,1,True
\nrightarrow,0219B,↛,⠳⠈⠫⠒⠒⠕⠻,umbs,1,True
,0219C,↜,⠫⠪⠔⠒⠢,umbs,1,True
,0219D,↝,⠫⠔⠒⠢⠕,umbs,1,True
\twoheadleftarrow,0219E,↞,⠫⠪⠪⠒⠒,umbs,1,True
,0219F,↟,⠫⠣⠒⠒⠕⠕,umbs,1,True
\twoheadrightarrow,021A0,↠,⠫⠒⠒⠕⠕,umbs,1,True
,021A1,↡,⠫⠩⠒⠒⠕⠕,umbs,1,True
\leftarrowtail,021A2,↢,⠫⠪⠒⠒⠠⠽,umbs,1,True
\rightarrowtail,021A3,↣,⠫⠠⠯⠒⠒⠕,umbs,1,True
\mapsfrom,021A4,↤,⠫⠪⠒⠒⠳,umbs,1,True
\MapsUp,021A5,↥,⠫⠣⠳⠒⠒⠕,umbs,1,True
\mapsto,021A6,↦,⠫⠳⠒⠒⠕,umbs,1,True
\MapsDown,021A7,↧,⠫⠩⠳⠒⠒⠕,umbs,1,True
,021A8,↨,⠫⠣⠪⠒⠒⠕⠳,umbs,1,True
\hookleftarrow,021A9,↩,⠫⠪⠒⠒⠈⠽,umbs,1,True
\hookrightarrow,021AA,↪,⠫⠈⠯⠒⠒⠕,umbs,1,True
\leftrightsquigarrow,021AD,↭,⠫⠪⠔⠒⠢⠕,umbs,1,True
\nleftrightarrow,021AE,↮,⠳⠈⠫⠪⠒⠒⠕⠻,umbs,1,True
\lightning,021AF,↯,⠫⠩⠔⠢⠔⠕,umbs,1,True
,021B4,↴,⠫⠩⠠⠳⠒⠕,umbs,1,True
,021B5,↵,⠫⠪⠒⠈⠳,umbs,1,True
\circlearrowleft,021BA,↺,⠫⠢⠔⠕,umbs,1,True
\circlearrowright,021BB,↻,⠫⠪⠢⠔,umbs,1,True
\leftharpoonup,021BC,↼,⠫⠈⠪⠒⠒,umbs,1,True
\leftharpoondown,021BD,↽,⠫⠠⠪⠒⠒,umbs,1,True
\upharpoonright,021BE,↾,⠫⠣⠒⠒⠠⠕,umbs,1,True
\upharpoonleft,021BF,↿,⠫⠣⠒⠒⠈⠕,umbs,1,True
\rightharpoonup,021C0,⇀,⠫⠒⠒⠈⠕,umbs,1,True
\rightharpoondown,021C1,⇁,⠫⠒⠒⠠⠕,umbs,1,True
\downharpoonright,021C2,⇂,⠫⠩⠒⠒⠈⠕,umbs,1,True
\downharpoonleft,021C3,⇃,⠫⠩⠒⠒⠠⠕,umbs,1,True
\rightleftarrows,021C4,⇄,⠫⠒⠒⠕⠫⠪⠒⠒,self,1,True
\updownarrows,021C5,⇅,⠫⠣⠒⠒⠕⠐⠫⠩⠒⠒⠕,self,1,True
\leftrightarrows,021C6,⇆,⠫⠪⠒⠒⠫⠒⠒⠕,umbs,1,True
\leftleftarrows,021C7,⇇,⠫⠪⠒⠒⠫⠪⠒⠒,umbs,1,True
\upuparrows,021C8,⇈,⠫⠣⠒⠒⠕⠐⠫⠣⠒⠒⠕,umbs,1,True
\rightrightarrows,021C9,⇉,⠫⠒⠒⠕⠫⠒⠒⠕,umbs,1,True
\downdownarrows,021CA,⇊,⠫⠩⠒⠒⠕⠐⠫⠩⠒⠒⠕,umbs,1,True
\leftrightharpoons,021CB,⇋,⠫⠈⠪⠒⠒⠫⠒⠒⠠⠕,umbs,1,True
\rightleftharpoons,021CC,⇌,⠫⠒⠒⠈⠕⠫⠠⠪⠒⠒,self,1,True
\nLeftarrow,021CD,⇍,⠳⠈⠫⠪⠶⠶⠻,umbs,1,True
\nLeftrightarrow,021CE,⇎,⠳⠈⠫⠪⠶⠶⠕⠻,umbs,1,True
\nRightarrow,021CF,⇏,⠳⠈⠫⠶⠶⠕⠻,umbs,1,True
\Leftarrow,021D0,⇐,⠫⠪⠶⠶,umbs,1,True
\Uparrow,021D1,⇑,⠫⠣⠶⠶⠕,umbs,1,True
\Rightarrow,021D2,⇒,⠫⠶⠶⠕,umbs,1,True
\Downarrow,021D3,⇓,⠫⠩⠶⠶⠕,umbs,1,True
\Leftrightarrow,021D4,⇔,⠫⠪⠶⠶⠕,umbs,1,True
\Updownarrow,021D5,⇕,⠫⠣⠪⠶⠶⠕,umbs,1,True
\Nwarrow,021D6,⇖,⠫⠘⠪⠶⠶,umbs,1,True
\Nearrow,021D7,⇗,⠫⠘⠶⠶⠕,umbs,1,True
\Searrow,021D8,⇘,⠫⠰⠶⠶⠕,umbs,1,True
\Swarrow,021D9,⇙,⠫⠰⠪⠶⠶,umbs,1,True
\Lleftarrow,021DA,⇚,⠫⠪⠸⠸,umbs,1,True
\Rrightarrow,021DB,⇛,⠫⠸⠸⠕,umbs,1,True
\leftsquigarrow,021DC,⇜,⠫⠪⠢⠤⠔⠒⠢,umbs,1,True
\rightsquigarrow,021DD,⇝,⠫⠢⠤⠔⠒⠢⠕,umbs,1,True
,021DE,⇞,⠳⠳⠈⠫⠣⠒⠒⠕⠻,umbs,1,True
,021DF,⇟,⠳⠳⠈⠫⠩⠒⠒⠕⠻,umbs,1,True
\dashleftarrow,021E0,⇠,⠫⠪⠒⠀⠒,umbs,1,True
,021E1,⇡,⠫⠣⠒⠀⠒⠕,umbs,1,True
\dashrightarrow,021E2,⇢,⠫⠒⠀⠒⠕,umbs,1,True
,021E3,⇣,⠫⠩⠒⠀⠒⠕,umbs,1,True
\LeftArrowBar,021E4,⇤,⠳⠫⠪⠒⠒,umbs,1,True
\RightArrowBar,021E5,⇥,⠫⠒⠒⠕⠳,umbs,1,True
,021F4,⇴,⠨⠡⠈⠫⠒⠒⠕⠻,umbs,1,True
\downuparrows,021F5,⇵,⠫⠩⠒⠒⠕⠐⠫⠣⠒⠒⠕,self,1,True
,021F6,⇶,⠫⠒⠒⠕⠫⠒⠒⠕⠫⠒⠒⠕,umbs,1,True
,021F7,⇷,⠳⠈⠫⠪⠒⠒⠻,umbs,2,True
\pfun,021F8,⇸,⠳⠈⠫⠒⠒⠕⠻,umbs,2,True
,021F9,⇹,⠳⠈⠫⠪⠒⠒⠕⠻,umbs,2,True
,021FA,⇺,⠳⠳⠈⠫⠪⠒⠒⠻,umbs,1,True
\ffun,021FB,⇻,⠳⠳⠈⠫⠒⠒⠕⠻,umbs,1,True
,021FC,⇼,⠳⠳⠈⠫⠪⠒⠒⠕⠻,umbs,1,True
\forall,02200,∀,⠈⠯,self,1,True
\partial,02202,∂,⠈⠙,self,1,True
\exists,02203,∃,⠈⠿,self2,1,True
\nexists,02204,∄,⠌⠈⠿,self2,1,True
\emptyset,02205,∅,⠸⠴,self,1,True
\nabla,02207,∇,⠨⠫,self,1,True
\in,02208,∈,⠈⠑,self,1,True
\notin,02209,∉,⠌⠈⠑,self,1,True
\ni,0220B,∋,⠈⠢,ctb,1,True
\nni,0220C,∌,⠌⠈⠢,ctb,1,True
,0220E,∎,⠸⠳,ctb,1,True
\prod,0220F,∏,⠨⠠⠏,ctb,1,True
\sum,02211,∑,⠨⠠⠎,ctb,1,True
-,02212,−,⠤,umbs,3,True
\mp,02213,∓,⠤⠬,self,1,True
\dotplus,02214,∔,⠐⠬⠣⠡⠻,ctb,1,True
\slash,02215,∕,⠸⠌,ctb,1,True
\ast,02217,∗,⠈⠼,ctb,1,True
\circ,02218,∘,⠨⠡,umbs,1,True
\bullet,02219,∙,⠡,ctb,3,True
\sqrt,0221A,√,⠜⠻,ctb,1,True
\sqrt[3],0221B,∛,⠣⠒⠜⠻,ctb,1,True
\sqrt[4],0221C,∜,⠣⠲⠜⠻,ctb,1,True
\propto,0221D,∝,⠸⠿,self,1,True
\infty,0221E,∞,⠠⠿,self,1,True
\rightangle,0221F,∟,⠫⠪⠨⠗⠻,umbs,1,True
\angle,02220,∠,⠫⠪,self,1,True
\measuredangle,02221,∡,⠫⠪⠸⠫⠫⠁⠻,self,1,True
\sphericalangle,02222,∢,⠫⠪⠸⠫⠫⠁⠻,ctb,2,True
\mid,02223,∣,⠳,ctb,2,True
\nmid,02224,∤,⠌⠳,ctb,1,True
\parallel,02225,∥,⠀⠫⠇⠀,self,1,True
\nparallel,02226,∦,⠌⠫⠇,self,1,True
\wedge,02227,∧,⠈⠩,self,1,True
\vee,02228,∨,⠈⠬,self,1,True
\cap,02229,∩,⠨⠩,self,1,True
\cup,0222A,∪,⠨⠬,self,1,True
\int,0222B,∫,⠮,self,1,True
\iint,0222C,∬,⠮⠮,self,1,True
\iiint,0222D,∭,⠮⠮⠮,self,1,True
\oint,0222E,∮,⠮⠈⠫⠉⠻,self,1,True
\oiint,0222F,∯,⠮⠮⠈⠫⠑⠻,ctb,1,True
\oiiint,02230,∰,⠮⠮⠮⠈⠫⠑⠻,ctb,1,True
\varointclockwise,02232,∲,⠮⠈⠫⠪⠢⠔⠻,ctb,1,True
\ointctrclockwise,02233,∳,⠮⠈⠫⠢⠔⠕⠻,ctb,1,True
\therefore,02234,∴,⠠⠡,self,1,True
\because,02235,∵,⠈⠌,self,1,True
∶,02236,∶,⠐⠂,self,1,True
\Proportion,02237,∷,⠰⠆,self,1,True
,02238,∸,⠨⠤,self,1,True
\eqcolon,02239,∹,⠤⠐⠂,umbs,1,True
,0223A,∺,⠐⠤⠩⠡⠡⠣⠡⠡⠻,umbs,1,True
,0223B,∻,⠐⠈⠱⠩⠡⠣⠡⠻,umbs,2,True
\sim,0223C,∼,⠈⠱,self,1,True
\backsim,0223D,∽,⠠⠈⠱,ctb,1,True
\nsim,02241,≁,⠌⠈⠱,ctb,1,True
\eqsim,02242,≂,⠱⠈⠱,ctb,1,True
\simeq,02243,≃,⠈⠱⠱,ctb,1,True
\nsimeq,02244,≄,⠌⠈⠱⠱,ctb,1,True
\cong,02245,≅,⠈⠱⠨⠅,self,1,True
,02246,≆,⠈⠱⠌⠨⠅,ctb,1,True
\ncong,02247,≇,⠌⠈⠱⠌⠨⠅,ctb,1,True
\approx,02248,≈,⠈⠱⠈⠱,ctb,1,True
\napprox,02249,≉,⠌⠈⠱⠈⠱,ctb,1,True
\approxeq,0224A,≊,⠈⠱⠈⠱⠱,ctb,1,True
,0224B,≋,⠈⠱⠈⠱⠈⠱,ctb,1,True
,0224C,≌,⠠⠈⠱⠨⠅,ctb,1,True
\asymp,0224D,≍,⠈⠣⠠⠣,ctb,1,True
\Bumpeq,0224E,≎,⠈⠣⠠⠣,ctb,2,True
\bumpeq,0224F,≏,⠈⠣⠱,ctb,1,True
\doteq,02250,≐,⠐⠨⠅⠣⠡⠻,ctb,1,True
\doteqdot,02251,≑,⠐⠨⠅⠣⠡⠣⠡⠻,self,1,True
\fallingdotseq,02252,≒,⠐⠨⠅⠩⠡⠣⠡⠻,ctb,1,True
\risingdotseq,02253,≓,⠐⠨⠅⠩⠡⠣⠡⠻,ctb,2,True
\coloneq,02254,≔,⠐⠂⠨⠅,umbs,1,True
\eqcolon,02255,≕,⠨⠅⠐⠂,umbs,1,True
\eqcirc,02256,≖,⠨⠡⠈⠨⠅⠻,ctb,1,True
\circeq,02257,≗,⠐⠨⠅⠣⠨⠡⠻,ctb,1,True
,02258,≘,⠐⠨⠅⠣⠫⠁⠻,ctb,1,True
\corresponds,02259,≙,⠐⠨⠅⠣⠸⠣⠻,ctb,1,True
,0225A,≚,⠐⠨⠅⠣⠸⠩⠻,ctb,1,True
,0225B,≛,⠐⠨⠅⠣⠈⠼⠻,ctb,1,True
\triangleq,0225C,≜,⠐⠨⠅⠣⠫⠞⠻,self,1,True
,0225D,≝,⠐⠨⠅⠣⠙⠑⠋⠻,ctb,1,True
,0225E,≞,⠐⠨⠅⠣⠍⠻,ctb,1,True
,0225F,≟,⠐⠨⠅⠣⠸⠦⠻,ctb,1,True
\ne,02260,≠,⠌⠨⠅,self,1,True
\equiv,02261,≡,⠸⠇,self,1,True
\nequiv,02262,≢,⠌⠸⠇,ctb,1,True
,02263,≣,⠨⠅⠨⠅,ctb,1,True
\leq,02264,≤,⠐⠅⠱,self,1,True
\geq,02265,≥,⠨⠂⠱,self,1,True
\leqq,02266,≦,⠐⠅⠨⠅,ctb,1,True
\geqq,02267,≧,⠨⠂⠨⠅,ctb,1,True
\lneqq,02268,≨,⠐⠅⠌⠨⠅,ctb,1,True
\gneqq,02269,≩,⠨⠂⠌⠨⠅,ctb,1,True
\ll,0226A,≪,⠐⠅⠈⠐⠅⠻,self,1,True
\gg,0226B,≫,⠨⠂⠈⠨⠂⠻,self,1,True
\notasymp,0226D,≭,⠌⠈⠣⠠⠣,ctb,1,True
\nless,0226E,≮,⠌⠐⠅,self,1,True
\ngtr,0226F,≯,⠌⠨⠂,self,1,True
\nleqq,02270,≰,⠌⠐⠅⠱,self,1,True
\ngeqq,02271,≱,⠌⠨⠂⠱,self,1,True
\lesssim,02272,≲,⠐⠅⠈⠱,ctb,1,True
\gtrsim,02273,≳,⠨⠂⠈⠱,ctb,1,True
\NotLessTilde,02274,≴,⠌⠐⠅⠈⠱,ctb,1,True
\NotGreaterTilde,02275,≵,⠌⠨⠂⠈⠱,ctb,1,True
\lessgtr,02276,≶,⠐⠅⠨⠂,ctb,1,True
\gtrless,02277,≷,⠨⠂⠐⠅,self2,1,True
,02278,≸,⠌⠐⠅⠨⠂,ctb,1,True
\NotGreaterLess,02279,≹,⠌⠨⠂⠐⠅,ctb,1,True
\prec,0227A,≺,⠨⠐⠅,umbs,1,True
\succ,0227B,≻,⠨⠨⠂,umbs,1,True
\precsim,0227E,≾,⠨⠐⠅⠈⠱,umbs,1,True
\succsim,0227F,≿,⠨⠨⠂⠈⠱,umbs,1,True
\subset,02282,⊂,⠸⠐⠅,self,1,True
\supset,02283,⊃,⠸⠨⠂,self,1,True
\nsubset,02284,⊄,⠌⠸⠐⠅,ctb,1,True
\nsupset,02285,⊅,⠌⠸⠨⠂,ctb,1,True
\subseteq,02286,⊆,⠸⠐⠅⠱,self,1,True
\supseteq,02287,⊇,⠸⠨⠂⠱,self,1,True
\nsubseteq,02288,⊈,⠌⠸⠐⠅⠱,ctb,1,True
\nsupseteq,02289,⊉,⠌⠸⠨⠂⠱,ctb,1,True
\subsetneq,0228A,⊊,⠸⠐⠅⠌⠨⠅,ctb,1,True
\supsetneq,0228B,⊋,⠸⠨⠂⠌⠨⠅,ctb,1,True
,0228C,⊌,⠨⠬⠈⠫⠪⠒⠻,umbs,1,True
,0228D,⊍,⠡⠈⠨⠬⠻,umbs,1,True
\uplus,0228E,⊎,⠬⠈⠨⠬⠻,umbs,1,True
\oplus,02295,⊕,⠫⠉⠸⠫⠬⠻,self,1,True
\ominus,02296,⊖,⠫⠉⠸⠫⠤⠻,self,1,True
\otimes,02297,⊗,⠫⠉⠸⠫⠈⠡⠻,self,1,True
\oslash,02298,⊘,⠫⠉⠸⠫⠸⠌⠻,ctb,1,True
\odot,02299,⊙,⠫⠉⠸⠫⠡⠻,self,1,True
\circledcirc,0229A,⊚,⠫⠉⠸⠫⠨⠡⠻,ctb,1,True
\circledast,0229B,⊛,⠫⠉⠸⠫⠈⠼⠻,ctb,1,True
,0229C,⊜,⠫⠉⠸⠫⠨⠅⠻,ctb,1,True
\circleddash,0229D,⊝,⠫⠉⠸⠫⠤⠤⠻,ctb,1,True
\boxplus,0229E,⊞,⠫⠲⠸⠫⠬⠻,ctb,1,True
\boxminus,0229F,⊟,⠫⠲⠸⠫⠱⠻,self,1,True
\boxtimes,022A0,⊠,⠫⠲⠸⠫⠢⠈⠔⠻,self,1,True
\boxdot,022A1,⊡,⠫⠲⠸⠫⠡⠻,self,1,True
\vdash,022A2,⊢,⠫⠳⠒⠒,ctb,1,True
\dashv,022A3,⊣,⠫⠒⠒⠳,ctb,1,True
\top,022A4,⊤,⠫⠣⠒⠒⠳,ctb,1,True
\bot,022A5,⊥,⠀⠫⠏⠀,ctb,1,True
,022A6,⊦,⠫⠳⠒,ctb,1,True
\models,022A7,⊧,⠫⠳⠶,ctb,1,True
\vDash,022A8,⊨,⠫⠳⠶⠶,ctb,1,True
\Vdash,022A9,⊩,⠫⠳⠳⠒,ctb,1,True
\Vvdash,022AA,⊪,⠫⠳⠳⠳⠒,ctb,1,True
\VDash,022AB,⊫,⠫⠳⠳⠶,ctb,1,True
\nvdash,022AC,⊬,⠌⠫⠳⠒,ctb,1,True
\nvDash,022AD,⊭,⠌⠫⠳⠶⠶,ctb,1,True
\nVdash,022AE,⊮,⠌⠫⠳⠳⠒,ctb,1,True
\nVDash,022AF,⊯,⠌⠫⠳⠳⠶,ctb,1,True
\multimapdotbothA,022B6,⊶,⠫⠨⠡⠒⠒⠡,ctb,1,True
\multimapdotbothB,022B7,⊷,⠫⠡⠒⠒⠨⠡,ctb,1,True
\multimap,022B8,⊸,⠫⠒⠒⠨⠡,ctb,1,True
\veebar,022BB,⊻,⠐⠈⠬⠩⠱⠻,ctb,1,True
\barwedge,022BC,⊼,⠐⠈⠩⠣⠱⠻,ctb,1,True
,022BD,⊽,⠐⠈⠬⠣⠱⠻,ctb,1,True
,022BE,⊾,⠫⠪⠨⠗⠻⠸⠫⠫⠁⠻,ctb,1,True
,022BF,⊿,⠫⠞⠨⠗⠻,umbs,1,True
\wedge,022C0,⋀,⠈⠩,self,2,True
\vee,022C1,⋁,⠈⠬,self,2,True
\cap,022C2,⋂,⠨⠩,self,2,True
\cup,022C3,⋃,⠨⠬,self,2,True
.,022C5,⋅,⠨,self,2,True
\star,022C6,⋆,⠫⠎,self,2,True
\backsimeq,022CD,⋍,⠠⠱⠱,umbs,1,True
\#,022D5,⋕,⠨⠼,self,1,True
\lessdot,022D6,⋖,⠡⠈⠐⠅⠻,ctb,1,True
\gtrdot,022D7,⋗,⠡⠈⠨⠂⠻,ctb,1,True
\lll,022D8,⋘,⠐⠅⠈⠐⠅⠈⠐⠅⠻,umbs,1,True
\ggg,022D9,⋙,⠨⠂⠈⠨⠂⠈⠨⠂⠻,umbs,1,True
,022DC,⋜,⠱⠐⠅,ctb,1,True
,022DD,⋝,⠱⠨⠂,ctb,1,True
\vdots,022EE,⋮,⠩⠒⠒⠒,umbs,1,True
\cdots,022EF,⋯,⠒⠒⠒,umbs,1,True
\iddots,022F0,⋰,⠘⠒⠒⠒,umbs,1,True
\ddots,022F1,⋱,⠰⠒⠒⠒,umbs,1,True
,022F2,⋲,⠱⠈⠈⠑⠻,umbs,1,True
,022F5,⋵,⠐⠈⠑⠣⠡⠻,ctb,1,True
\barin,022F6,⋶,⠐⠈⠑⠣⠱⠻,ctb,1,True
,022FA,⋺,⠱⠈⠈⠢⠻,umbs,1,True
,022FD,⋽,⠐⠈⠢⠣⠱⠻,ctb,1,True
,02305,⌅,⠐⠱⠩⠸⠣⠻,ctb,1,True
,02306,⌆,⠐⠨⠅⠩⠸⠣⠻,ctb,1,True
\lceil,02308,⌈,⠈⠘⠷,self,1,True
\rceil,02309,⌉,⠈⠘⠾,self,1,True
\lfloor,0230A,⌊,⠈⠰⠷,self,1,True
\rfloor,0230B,⌋,⠈⠰⠾,self,1,True
,02312,⌒,⠫⠁,ctb,1,True
\frown,02322,⌢,⠫⠁,self,2,True
\smile,02323,⌣,⠫⠄,self,1,True
,0239B,⎛,⠠⠷,ctb,1,True
,0239C,⎜,⠠⠷,ctb,1,True
,0239D,⎝,⠠⠷,ctb,1,True
,0239E,⎞,⠠⠾,ctb,1,True
,0239F,⎟,⠠⠾,ctb,1,True
,023A0,⎠,⠠⠾,ctb,1,True
,023A1,⎡,⠈⠠⠷,ctb,1,True
,023A2,⎢,⠈⠠⠷,ctb,1,True
,023A3,⎣,⠈⠠⠷,ctb,1,True
,023A4,⎤,⠈⠠⠾,ctb,1,True
,023A5,⎥,⠈⠠⠾,ctb,1,True
,023A6,⎦,⠈⠠⠾,ctb,1,True
,023A7,⎧,⠨⠠⠷,ctb,1,True
,023A8,⎨,⠨⠠⠷,ctb,1,True
,023A9,⎩,⠨⠠⠷,ctb,1,True
,023AB,⎫,⠨⠠⠾,ctb,1,True
,023AC,⎬,⠨⠠⠾,ctb,1,True
,023AD,⎭,⠨⠠⠾,ctb,1,True
\blacksquare,025A0,■,⠫⠸⠲,self,1,True
\square,025A1,□,⠫⠲,self,1,True
,025AC,▬,⠫⠸⠗,umbs,1,True
,025AD,▭,⠫⠗,umbs,1,True
,025B2,▲,⠫⠸⠞,umbs,1,True
\triangle,025B3,△,⠫⠞⠀,self,1,True
,025BC,▼,⠸⠨⠫,umbs,1,True
\triangledown,025BD,▽,⠨⠫,self,2,True
\diamond,025C7,◇,⠫⠙,self,1,True
\Circle,025CB,○,⠫⠉,umbs,1,True
\CIRCLE,025CF,●,⠫⠸⠉,umbs,1,True
\boxbar,025EB,◫,⠫⠲⠸⠫⠳⠻,umbs,1,True
,02606,☆,⠫⠎,self,1,True
\perp,027C2,⟂,⠫⠏,self,2,True
,027C3,⟃,⠨⠡⠈⠸⠐⠅⠻,umbs,1,True
,027C4,⟄,⠨⠡⠈⠸⠨⠂⠻,umbs,1,True
,027C7,⟇,⠈⠬⠈⠡⠻,ctb,1,True
\multimapinv,027DC,⟜,⠫⠨⠡⠒⠒,umbs,1,True
,027DD,⟝,⠫⠳⠒⠒,umbs,2,True
,027DE,⟞,⠫⠒⠒⠳,umbs,2,True
,027DF,⟟,⠫⠣⠳⠒⠒⠨⠡,umbs,1,True
\llbracket,027E6,⟦,⠈⠸⠷,ctb,1,True
\rrbracket,027E7,⟧,⠈⠸⠾,ctb,1,True
\langle,027E8,⟨,⠨⠨⠷,ctb,1,True
\rangle,027E9,⟩,⠨⠨⠾,ctb,1,True
\lang,027EA,⟪,⠨⠨⠷⠨⠨⠷,ctb,1,True
\rang,027EB,⟫,⠨⠨⠾⠨⠨⠾,ctb,1,True
,027EC,⟬,⠈⠈⠸⠷,ctb,1,True
,027ED,⟭,⠈⠈⠸⠾,ctb,1,True
\longleftarrow,027F5,⟵,⠫⠪⠒⠒⠒,umbs,1,True
\longrightarrow,027F6,⟶,⠫⠒⠒⠒⠕,umbs,1,True
\leftrightarrow,027F7,⟷,⠫⠪⠒⠒⠕,self,2,True
\Longleftarrow,027F8,⟸,⠫⠪⠶⠶⠶,umbs,1,True
\Longrightarrow,027F9,⟹,⠫⠶⠶⠶⠕,umbs,1,True
\Longleftrightarrow,027FA,⟺,⠫⠪⠶⠶⠶⠕,umbs,1,True
\longmapsfrom,027FB,⟻,⠫⠪⠒⠒⠒⠳,umbs,1,True
\longmapsto,027FC,⟼,⠫⠳⠒⠒⠒⠕,umbs,1,True
\Longmapsfrom,027FD,⟽,⠫⠪⠶⠶⠶⠳,umbs,1,True
\Longmapsto,027FE,⟾,⠫⠳⠶⠶⠶⠕,umbs,1,True
,027FF,⟿,⠫⠢⠤⠔⠒⠢⠤⠔⠒⠢⠕,umbs,1,True
,02921,⤡,⠫⠘⠪⠒⠒⠕,umbs,1,True
,02922,⤢,⠫⠰⠪⠒⠒⠕,umbs,1,True
,02945,⥅,⠐⠫⠒⠒⠕⠩⠬⠻,ctb,1,True
,02946,⥆,⠐⠫⠪⠒⠒⠩⠬⠻,ctb,1,True
,02948,⥈,⠫⠪⠒⠒⠕⠈⠨⠡⠻,ctb,1,True
,02971,⥱,⠐⠫⠒⠒⠕⠣⠨⠅⠻,ctb,1,True
,02972,⥲,⠐⠫⠒⠒⠕⠣⠈⠱⠻,ctb,1,True
,02973,⥳,⠐⠫⠪⠒⠒⠩⠈⠱⠻,ctb,1,True
,02974,⥴,⠐⠫⠒⠒⠕⠩⠈⠱⠻,ctb,1,True
,02975,⥵,⠐⠫⠒⠒⠕⠩⠈⠱⠈⠱⠻,ctb,1,True
,02976,⥶,⠐⠫⠪⠒⠒⠣⠐⠅⠻,ctb,1,True
,02977,⥷,⠫⠪⠒⠒⠈⠐⠅⠻,ctb,1,True
,02978,⥸,⠐⠫⠒⠒⠕⠣⠨⠂⠻,ctb,1,True
,02979,⥹,⠐⠫⠒⠒⠕⠣⠸⠐⠅⠻,ctb,1,True
,0297A,⥺,⠫⠪⠒⠒⠈⠸⠐⠅⠻,ctb,1,True
,0297B,⥻,⠐⠫⠪⠒⠒⠣⠸⠨⠂⠻,ctb,1,True
,02983,⦃,⠨⠸⠷,ctb,1,True
,02984,⦄,⠨⠸⠾,ctb,1,True
,02991,⦑,⠡⠈⠨⠨⠷⠻,umbs,1,True
,02992,⦒,⠡⠈⠨⠨⠾⠻,umbs,1,True
,0299F,⦟,⠫⠪⠨⠁⠻,ctb,1,True
,029A4,⦤,⠫⠪⠱,ctb,1,True
,029A6,⦦,⠫⠪⠨⠕⠻,ctb,1,True
\boxslash,029C4,⧄,⠫⠲⠸⠫⠔⠻,self,1,True
\boxbslash,029C5,⧅,⠫⠲⠸⠫⠢⠻,self,1,True
\boxast,029C6,⧆,⠫⠲⠸⠫⠈⠼⠻,umbs,1,True
,029CA,⧊,⠐⠫⠞⠣⠡⠻,umbs,1,True
,029CB,⧋,⠫⠞⠱,umbs,1,True
,029CC,⧌,⠫⠞⠎,umbs,1,True
,029E6,⧦,⠫⠳⠶⠶⠳,umbs,1,True
\bigodot,02A00,⨀,⠫⠉⠸⠫⠡⠻,ctb,2,True
\bigoplus,02A01,⨁,⠫⠉⠸⠫⠬⠻,ctb,2,True
\bigotimes,02A02,⨂,⠫⠉⠸⠫⠈⠡⠻,ctb,2,True
,02A03,⨃,⠨⠬⠈⠫⠡⠻,ctb,1,True
\biguplus,02A04,⨄,⠨⠬⠈⠫⠬⠻,ctb,1,True
,02A07,⨇,⠈⠩⠈⠈⠩⠻,ctb,1,True
,02A08,⨈,⠈⠬⠈⠈⠬⠻,ctb,1,True
\times,02A09,⨉,⠈⠡,self,2,True
,02A0A,⨊,⠨⠠⠎⠈⠫⠉⠻,ctb,1,True
,02A0B,⨋,⠮⠈⠨⠠⠎⠻,ctb,1,True
\iiiint,02A0C,⨌,⠮⠮⠮⠮,ctb,1,True
,02A0D,⨍,⠮⠈⠱⠻,ctb,1,True
,02A0E,⨎,⠮⠈⠱⠱⠻,ctb,1,True
\fint,02A0F,⨏,⠮⠈⠸⠌⠻,ctb,1,True
,02A10,⨐,⠮⠈⠠⠉⠻,ctb,1,True
,02A15,⨕,⠮⠈⠫⠉⠸⠫⠡⠻⠻,ctb,1,True
\sqint,02A16,⨖,⠮⠈⠫⠲⠻,ctb,1,True
,02A18,⨘,⠮⠈⠈⠡⠻,ctb,1,True
,02A19,⨙,⠮⠈⠨⠩⠻,ctb,1,True
,02A1A,⨚,⠮⠈⠨⠬⠻,ctb,1,True
,02A1B,⨛,⠣⠮,ctb,1,True
,02A1C,⨜,⠩⠮,ctb,1,True
,02A22,⨢,⠐⠬⠣⠨⠡⠻,umbs,1,True
,02A23,⨣,⠐⠬⠣⠸⠣⠻,umbs,1,True
,02A24,⨤,⠐⠬⠣⠈⠱⠻,umbs,1,True
,02A25,⨥,⠐⠬⠩⠡⠻,umbs,1,True
,02A2A,⨪,⠐⠱⠩⠡⠻,ctb,1,True
,02A30,⨰,⠐⠈⠡⠣⠡⠻,ctb,1,True
,02A31,⨱,⠐⠈⠡⠩⠱⠻,ctb,1,True
,02A36,⨶,⠐⠫⠉⠸⠫⠈⠡⠻⠣⠸⠣⠻,ctb,1,True
,02A37,⨷,⠫⠉⠸⠫⠫⠉⠸⠫⠈⠡⠻⠻,ctb,1,True
,02A38,⨸,⠫⠉⠸⠫⠨⠌⠻,ctb,1,True
,02A39,⨹,⠫⠞⠸⠫⠬⠻,ctb,1,True
,02A3A,⨺,⠫⠞⠸⠫⠤⠻,ctb,1,True
,02A3B,⨻,⠫⠞⠸⠫⠈⠡⠻,ctb,1,True
,02A40,⩀,⠨⠩⠈⠡⠻,ctb,1,True
,02A41,⩁,⠨⠬⠈⠤⠻,ctb,1,True
,02A42,⩂,⠐⠨⠬⠣⠱⠻,ctb,1,True
,02A43,⩃,⠐⠨⠩⠣⠱⠻,ctb,1,True
,02A44,⩄,⠨⠩⠈⠈⠩⠻,ctb,1,True
,02A45,⩅,⠨⠬⠈⠈⠬⠻,ctb,1,True
,02A46,⩆,⠨⠬⠨⠩,ctb,1,True
,02A47,⩇,⠨⠩⠨⠬,ctb,1,True
,02A48,⩈,⠨⠬⠱⠨⠩,ctb,1,True
,02A49,⩉,⠨⠩⠱⠨⠬,ctb,1,True
,02A4A,⩊,⠨⠬⠐⠨⠬,ctb,1,True
,02A4B,⩋,⠨⠩⠐⠨⠩,ctb,1,True
,02A51,⩑,⠐⠈⠩⠣⠡⠻,ctb,1,True
,02A52,⩒,⠐⠈⠬⠣⠡⠻,ctb,1,True
,02A53,⩓,⠈⠩⠈⠩,ctb,1,True
,02A54,⩔,⠈⠬⠈⠬,ctb,1,True
,02A55,⩕,⠈⠩⠈⠈⠩⠻,ctb,2,True
,02A56,⩖,⠈⠬⠈⠈⠬⠻,ctb,2,True
,02A59,⩙,⠈⠬⠈⠈⠩⠻,ctb,1,True
,02A5A,⩚,⠈⠩⠈⠳⠻,ctb,1,True
,02A5B,⩛,⠈⠬⠈⠳⠻,ctb,1,True
,02A5C,⩜,⠈⠩⠈⠱⠻,ctb,1,True
,02A5D,⩝,⠈⠬⠈⠱⠻,ctb,1,True
\doublebarwedge,02A5E,⩞,⠐⠈⠩⠣⠱⠱⠻,ctb,1,True
,02A5F,⩟,⠐⠈⠩⠩⠱⠻,ctb,1,True
,02A60,⩠,⠐⠈⠩⠩⠱⠱⠻,ctb,1,True
,02A62,⩢,⠐⠈⠬⠣⠱⠱⠻,ctb,1,True
,02A63,⩣,⠐⠈⠬⠩⠱⠱⠻,ctb,1,True
,02A66,⩦,⠐⠨⠅⠩⠡⠻,ctb,1,True
,02A67,⩧,⠐⠸⠇⠣⠡⠻,ctb,1,True
,02A68,⩨,⠳⠳⠈⠸⠇⠻,ctb,1,True
,02A69,⩩,⠳⠳⠳⠈⠸⠇⠻,ctb,1,True
,02A6A,⩪,⠐⠈⠱⠣⠡⠻,ctb,1,True
,02A6B,⩫,⠐⠈⠱⠩⠡⠣⠡⠻,ctb,1,True
,02A6C,⩬,⠈⠱⠱⠈⠱,ctb,1,True
,02A6D,⩭,⠐⠈⠱⠨⠅⠣⠡⠻,ctb,1,True
,02A6E,⩮,⠐⠨⠅⠣⠈⠼⠻,ctb,2,True
,02A6F,⩯,⠐⠈⠱⠈⠱⠣⠸⠣⠻,ctb,1,True
,02A70,⩰,⠈⠱⠈⠱⠨⠅,self,1,True
,02A71,⩱,⠐⠨⠅⠩⠬⠻,ctb,1,True
,02A72,⩲,⠐⠨⠅⠣⠬⠻,ctb,1,True
,02A73,⩳,⠨⠅⠈⠱,ctb,1,True
\Coloneqq,02A74,⩴,⠐⠂⠐⠂⠨⠅,umbs,1,True
\Equal,02A75,⩵,⠨⠅⠐⠨⠅,ctb,1,True
\Same,02A76,⩶,⠨⠅⠐⠨⠅⠐⠨⠅,ctb,1,True
,02A77,⩷,⠐⠨⠅⠩⠡⠡⠣⠡⠡⠻,ctb,1,True
,02A78,⩸,⠐⠸⠇⠣⠡⠡⠡⠡⠻,ctb,1,True
,02A79,⩹,⠐⠅⠈⠨⠡⠻,ctb,1,True
,02A7A,⩺,⠨⠂⠈⠨⠡⠻,ctb,1,True
,02A7B,⩻,⠐⠐⠅⠣⠸⠦⠻,ctb,1,True
,02A7C,⩼,⠐⠨⠂⠣⠸⠦⠻,ctb,1,True
\leqslant,02A7D,⩽,⠐⠅⠱⠱,ctb,1,True
\geqslant,02A7E,⩾,⠨⠂⠱⠱,ctb,1,True
,02A7F,⩿,⠐⠅⠱⠱⠈⠡⠻,ctb,1,True
,02A80,⪀,⠨⠂⠱⠱⠈⠡⠻,ctb,1,True
,02A81,⪁,⠐⠐⠅⠱⠱⠣⠡⠻,ctb,1,True
,02A82,⪂,⠐⠨⠂⠱⠱⠣⠡⠻,ctb,1,True
,02A83,⪃,⠐⠅⠱⠱⠘⠡,ctb,1,True
,02A84,⪄,⠨⠂⠱⠱⠘⠡,ctb,1,True
\lessapprox,02A85,⪅,⠐⠅⠈⠱⠈⠱,ctb,1,True
\gtrapprox,02A86,⪆,⠨⠂⠈⠱⠈⠱,ctb,1,True
\lesseqqgtr,02A8B,⪋,⠐⠅⠨⠅⠨⠂,umbs,1,True
\gtreqqless,02A8C,⪌,⠨⠂⠨⠅⠐⠅,umbs,1,True
,02A8D,⪍,⠐⠅⠈⠱⠱,ctb,1,True
,02A8E,⪎,⠨⠂⠈⠱⠱,ctb,1,True
,02A8F,⪏,⠐⠅⠈⠱⠨⠂,ctb,1,True
,02A90,⪐,⠨⠂⠈⠱⠐⠅,ctb,1,True
,02A91,⪑,⠐⠅⠨⠂⠨⠅,ctb,1,True
,02A92,⪒,⠨⠂⠐⠅⠨⠅,ctb,1,True
,02A99,⪙,⠨⠅⠐⠅,umbs,1,True
,02A9A,⪚,⠨⠅⠨⠂,umbs,1,True
,02A9D,⪝,⠈⠱⠐⠅,ctb,1,True
,02A9E,⪞,⠈⠱⠨⠂,ctb,1,True
,02A9F,⪟,⠈⠱⠐⠅⠨⠅,umbs,1,True
,02AA0,⪠,⠈⠱⠨⠂⠨⠅,umbs,1,True
,02AA4,⪤,⠨⠂⠈⠐⠅⠻,ctb,1,True
,02AA5,⪥,⠨⠂⠐⠐⠅,ctb,1,True
,02AAE,⪮,⠈⠣⠨⠅,umbs,1,True
\preceq,02AAF,⪯,⠨⠐⠅⠱,umbs,1,True
\succeq,02AB0,⪰,⠨⠨⠂⠱,umbs,1,True
,02AB1,⪱,⠨⠐⠅⠌⠱,umbs,1,True
,02AB2,⪲,⠨⠨⠂⠌⠱,umbs,1,True
\preceqq,02AB3,⪳,⠨⠐⠅⠨⠅,umbs,1,True
\succeqq,02AB4,⪴,⠨⠨⠂⠨⠅,umbs,1,True
,02AB5,⪵,⠨⠐⠅⠌⠨⠅,umbs,1,True
,02AB6,⪶,⠨⠨⠂⠌⠨⠅,umbs,1,True
\precapprox,02AB7,⪷,⠨⠐⠅⠈⠱⠈⠱,umbs,1,True
\succapprox,02AB8,⪸,⠨⠨⠂⠈⠱⠈⠱,umbs,1,True
\precnapprox,02AB9,⪹,⠨⠐⠅⠌⠈⠱⠈⠱,umbs,1,True
\succnapprox,02ABA,⪺,⠨⠨⠂⠌⠈⠱⠈⠱,umbs,1,True
\llcurly,02ABB,⪻,⠨⠐⠅⠈⠨⠐⠅⠻,umbs,1,True
\ggcurly,02ABC,⪼,⠨⠨⠂⠈⠨⠨⠂⠻,umbs,1,True
,02ABD,⪽,⠸⠐⠅⠸⠫⠡⠻,ctb,1,True
,02ABE,⪾,⠸⠨⠂⠸⠫⠡⠻,ctb,1,True
,02ABF,⪿,⠐⠸⠐⠅⠩⠬⠻,ctb,1,True
,02AC0,⫀,⠐⠸⠨⠂⠩⠬⠻,ctb,1,True
,02AC1,⫁,⠐⠸⠐⠅⠩⠈⠡⠻,ctb,1,True
,02AC2,⫂,⠐⠸⠨⠂⠩⠈⠡⠻,ctb,1,True
,02AC3,⫃,⠐⠸⠐⠅⠱⠣⠡⠻,ctb,1,True
,02AC4,⫄,⠐⠸⠨⠂⠱⠣⠡⠻,ctb,1,True
\subseteqq,02AC5,⫅,⠸⠐⠅⠨⠅,ctb,1,True
\supseteqq,02AC6,⫆,⠸⠨⠂⠨⠅,ctb,1,True
,02AC7,⫇,⠸⠐⠅⠈⠱,ctb,1,True
,02AC8,⫈,⠸⠨⠂⠈⠱,ctb,1,True
,02AC9,⫉,⠸⠐⠅⠈⠱⠈⠱,ctb,1,True
,02ACA,⫊,⠸⠨⠂⠈⠱⠈⠱,ctb,1,True
\subsetneqq,02ACB,⫋,⠸⠐⠅⠌⠨⠅,ctb,2,True
\supsetneqq,02ACC,⫌,⠸⠨⠂⠌⠨⠅,ctb,2,True
,02ACF,⫏,⠸⠐⠅⠳,ctb,1,True
,02AD0,⫐,⠳⠸⠨⠂,ctb,1,True
,02AD3,⫓,⠸⠐⠅⠸⠨⠂,ctb,1,True
,02AD4,⫔,⠸⠨⠂⠸⠐⠅,ctb,1,True
,02AD5,⫕,⠸⠐⠅⠸⠐⠅,ctb,1,True
,02AD6,⫖,⠸⠨⠂⠸⠨⠂,ctb,1,True
,02AD7,⫗,⠸⠨⠂⠐⠸⠐⠅,ctb,1,True
,02ADC,⫝̸,⠌⠫⠩⠒⠒⠳⠽,ctb,1,True
,02ADD,⫝,⠫⠩⠒⠒⠳⠽,ctb,1,True
,02ADE,⫞,⠫⠒⠳,ctb,1,True
,02AE3,⫣,⠫⠒⠳⠳,ctb,1,True
,02AE4,⫤,⠫⠶⠳,ctb,1,True
,02AE5,⫥,⠫⠶⠳⠳,ctb,1,True
,02AE6,⫦,⠫⠳⠒⠐⠫⠳⠒,ctb,1,True
,02AE7,⫧,⠐⠨⠅⠩⠳⠻,ctb,1,True
,02AE8,⫨,⠐⠨⠅⠣⠳⠻,ctb,1,True
,02AE9,⫩,⠐⠨⠅⠩⠳⠣⠳⠻,ctb,1,True
\Top,02AEA,⫪,⠫⠣⠶⠶⠳,ctb,1,True
,02AEF,⫯,⠐⠳⠣⠨⠡⠻,ctb,1,True
,02AF0,⫰,⠐⠳⠩⠨⠡⠻,ctb,1,True
,02AF1,⫱,⠐⠨⠡⠣⠫⠣⠒⠒⠳⠻,ctb,1,True
,02AF2,⫲,⠱⠈⠫⠇⠻,ctb,1,True
,02AF3,⫳,⠈⠱⠈⠫⠇⠻,ctb,1,True
\interleave,02AF4,⫴,⠳⠳⠳,ctb,1,True
,02AF5,⫵,⠱⠈⠳⠳⠳⠻,ctb,1,True
\biginterleave,02AFC,⫼,⠳⠳⠳,ctb,2,True
,02B1F,⬟,⠫⠸⠢,umbs,1,True
,02B20,⬠,⠫⠢,umbs,1,True
,02B21,⬡,⠫⠖,umbs,1,True
,02B22,⬢,⠫⠸⠖,umbs,1,True
,02B2C,⬬,⠫⠸⠑,umbs,1,True
,02B2D,⬭,⠫⠑,umbs,1,True
,02B30,⬰,⠨⠡⠈⠫⠪⠒⠒⠻,umbs,1,True
,02B31,⬱,⠫⠪⠒⠒⠫⠪⠒⠒⠫⠪⠒⠒,umbs,1,True
,02B32,⬲,⠫⠪⠒⠒⠈⠫⠉⠸⠫⠬⠻,umbs,1,True
,02B3E,⬾,⠫⠪⠒⠒⠈⠈⠡⠻,ctb,1,True
,02B40,⭀,⠐⠫⠪⠒⠒⠣⠨⠅⠻,ctb,1,True
,02B43,⭃,⠫⠒⠒⠕⠈⠨⠂⠻,ctb,1,True
,02B44,⭄,⠫⠒⠒⠕⠈⠸⠨⠂⠻,ctb,1,True
,02B49,⭉,⠐⠫⠪⠒⠒⠣⠈⠱⠻,ctb,1,True
,02B4A,⭊,⠐⠫⠪⠒⠒⠩⠈⠱⠈⠱⠻,ctb,1,True
\updownarrow,02B65,⭥,⠫⠣⠪⠒⠒⠕,self,2,True
,02BC3,⯃,⠫⠸⠦,umbs,1,True
,02E2C,⸬,⠰⠆,self,2,True
,03010,【,⠸⠈⠷,self,1,True
,03011,】,⠸⠈⠾,self,1,True
,07121,無,⠸,self,2,True
,0FE62,﹢,⠬,ctb,3,True
,0FE64,﹤,⠣,ctb,1,True
,0FE65,﹥,⠜,ctb,1,True
,0FE66,﹦,⠿,ctb,1,True
,0FF05,％,⠈⠴,self,2,True
,0FF0B,＋,⠬,self,2,True
,0FF0D,－,⠤,self,2,True
,0FF0E,．,⠡,self,4,True
,0FF1C,＜,⠐⠅,self,2,True
,0FF1D,＝,⠨⠅,self,3,True
,0FF1E,＞,⠀⠨⠂⠀,self2,2,False
,00020, ,,,0,True
,00060,`,,,0,True
,000A0, ,,,0,True
,000A1,¡,,,0,True
,000A4,¤,,,0,True
\yen,000A5,¥,,,0,True
,000A6,¦,,,0,True
\spddot,000A8,¨,,,0,True
\neg,000AC,¬,,,0,True
,000AF,¯,,,0,True
,000B4,´,,,0,True
\Micro,000B5,µ,,,0,True
,000BF,¿,,,0,True
\eth,000F0,ð,,,0,True
\imath,00131,ı,,,0,True
,001B5,Ƶ,,,0,True
\jmath,00237,ȷ,,,0,True
,002C6,ˆ,,,0,True
,002C7,ˇ,,,0,True
,002D8,˘,,,0,True
,002D9,˙,,,0,True
,002DA,˚,,,0,True
,002DC,˜,,,0,True
\grave,00300,̀,,,0,True
\acute,00301,́,,,0,True
\hat,00302,̂,,,0,True
\tilde,00303,̃,,,0,True
\bar,00304,̄,,,0,True
\overline,00305,̅,,,0,True
\breve,00306,̆,,,0,True
\dot,00307,̇,,,0,True
\ddot,00308,̈,,,0,True
,00309,̉,,,0,True
\mathring,0030A,̊,,,0,True
\check,0030C,̌,,,0,True
,00310,̐,,,0,True
,00311,̑,,,0,True
,00312,̒,,,0,True
,00315,̕,,,0,True
,0031A,̚,,,0,True
,00323,̣,,,0,True
,0032C,̬,,,0,True
,0032D,̭,,,0,True
,0032E,̮,,,0,True
,0032F,̯,,,0,True
\utilde,00330,̰,,,0,True
\underbar,00331,̱,,,0,True
\underline,00332,̲,,,0,True
,00333,̳,,,0,True
\not,00338,̸,,,0,True
,0033A,̺,,,0,True
,0033F,̿,,,0,True
,00346,͆,,,0,True
\varbeta,003D0,ϐ,,,0,True
,003D2,ϒ,,,0,True
\Qoppa,003D8,Ϙ,,,0,True
\qoppa,003D9,ϙ,,,0,True
\Stigma,003DA,Ϛ,,,0,True
\stigma,003DB,ϛ,,,0,True
\Digamma,003DC,Ϝ,,,0,True
\digamma,003DD,ϝ,,,0,True
\Koppa,003DE,Ϟ,,,0,True
\koppa,003DF,ϟ,,,0,True
\Sampi,003E0,Ϡ,,,0,True
\sampi,003E1,ϡ,,,0,True
\varrho,003F1,ϱ,,,0,True
,003F4,ϴ,,,0,True
\backepsilon,003F6,϶,,,0,True
,00428,Ш,,,0,True
,00606,؆,,,0,True
,00607,؇,,,0,True
,00608,؈,,,0,True
,02000, ,,,0,True
\quad,02001, ,,,0,True
,02002, ,,,0,True
,02003, ,,,0,True
,02004, ,,,0,True
,02005, ,,,0,True
,02006, ,,,0,True
,02007, ,,,0,True
,02009, ,,,0,True
,0200A, ,,,0,True
,0200B,​,,,0,True
,02010,‐,,,0,True
,02012,‒,,,0,True
,02017,‗,,,0,True
,02025,‥,,,0,True
\third,02034,‴,,,0,True
\backprime,02035,‵,,,0,True
,02036,‶,,,0,True
,02037,‷,,,0,True
,02038,‸,,,0,True
,0203B,※,,,0,True
,0203C,‼,,,0,True
\cat,02040,⁀,,,0,True
,02043,⁃,,,0,True
,02047,⁇,,,0,True
,0204E,⁎,,,0,True
,0204F,⁏,,,0,True
,02050,⁐,,,0,True
,02051,⁑,,,0,True
\fourth,02057,⁗,,,0,True
\:,0205F, ,,,0,True
,02061,⁡,,,0,True
,02062,⁢,,,0,True
,02063,⁣,,,0,True
,02064,⁤,,,0,True
,0207A,⁺,,,0,True
,0207B,⁻,,,0,True
,0207C,⁼,,,0,True
,0207D,⁽,,,0,True
,0207E,⁾,,,0,True
,0208A,₊,,,0,True
,0208B,₋,,,0,True
,0208C,₌,,,0,True
,0208D,₍,,,0,True
,0208E,₎,,,0,True
,020AC,€,,,0,True
\lvec,020D0,⃐,,,0,True
\vec,020D1,⃑,,,0,True
,020D2,⃒,,,0,True
,020D3,⃓,,,0,True
,020D4,⃔,,,0,True
,020D5,⃕,,,0,True
\LVec,020D6,⃖,,,0,True
\vec,020D7,⃗,,,0,True
,020D8,⃘,,,0,True
,020D9,⃙,,,0,True
,020DA,⃚,,,0,True
\dddot,020DB,⃛,,,0,True
\ddddot,020DC,⃜,,,0,True
,020DD,⃝,,,0,True
,020DE,⃞,,,0,True
,020DF,⃟,,,0,True
\overleftrightarrow,020E1,⃡,,,0,True
,020E4,⃤,,,0,True
,020E5,⃥,,,0,True
,020E6,⃦,,,0,True
,020E7,⃧,,,0,True
,020E8,⃨,,,0,True
,020E9,⃩,,,0,True
,020EA,⃪,,,0,True
,020EB,⃫,,,0,True
,020EC,⃬,,,0,True
,020ED,⃭,,,0,True
\underleftarrow,020EE,⃮,,,0,True
\underrightarrow,020EF,⃯,,,0,True
,020F0,⃰,,,0,True
\mathbb{C},02102,ℂ,,,0,True
\Euler,02107,ℇ,,,0,True
\mathcal{g},0210A,ℊ,,,0,True
\mathcal{H},0210B,ℋ,,,0,True
\mathfrak{H},0210C,ℌ,,,0,True
\mathbb{H},0210D,ℍ,,,0,True
,0210E,ℎ,,,0,True
\mathcal{I},02110,ℐ,,,0,True
\mathcal{L},02112,ℒ,,,0,True
\mathbb{N},02115,ℕ,,,0,True
\wp,02118,℘,,,0,True
\mathbb{P},02119,ℙ,,,0,True
\mathbb{Q},0211A,ℚ,,,0,True
\mathcal{R},0211B,ℛ,,,0,True
\mathbb{R},0211D,ℝ,,,0,True
\mathbb{Z},02124,ℤ,,,0,True
\tcohm,02126,Ω,,,0,True
\mho,02127,℧,,,0,True
\mathfrak{Z},02128,ℨ,,,0,True
,02129,℩,,,0,True
\mathcal{B},0212C,ℬ,,,0,True
\mathfrak{C},0212D,ℭ,,,0,True
\mathcal{e},0212F,ℯ,,,0,True
\mathcal{E},02130,ℰ,,,0,True
\mathcal{F},02131,ℱ,,,0,True
\Finv,02132,Ⅎ,,,0,True
\mathcal{M},02133,ℳ,,,0,True
\mathcal{o},02134,ℴ,,,0,True
\aleph,02135,ℵ,,,0,True
\beth,02136,ℶ,,,0,True
\gimel,02137,ℷ,,,0,True
\daleth,02138,ℸ,,,0,True
\mathbb{\pi},0213C,ℼ,,,0,True
\mathbb{\gamma},0213D,ℽ,,,0,True
\mathbb{\Gamma},0213E,ℾ,,,0,True
\mathbb{\Pi},0213F,ℿ,,,0,True
\mathbb{\Sigma},02140,⅀,,,0,True
,02141,⅁,,,0,True
,02142,⅂,,,0,True
,02143,⅃,,,0,True
\Yup,02144,⅄,,,0,True
\CapitalDifferentialD,02145,ⅅ,,,0,True
\DifferentialD,02146,ⅆ,,,0,True
\ExponetialE,02147,ⅇ,,,0,True
\ComplexI,02148,ⅈ,,,0,True
\ComplexJ,02149,ⅉ,,,0,True
,0214A,⅊,,,0,True
\invamp,0214B,⅋,,,0,True
\looparrowleft,021AB,↫,,,0,True
\looparrowright,021AC,↬,,,0,True
\Lsh,021B0,↰,,,0,True
\Rsh,021B1,↱,,,0,True
\dlsh,021B2,↲,,,0,True
\drsh,021B3,↳,,,0,True
\curvearrowleft,021B6,↶,,,0,True
\curvearrowright,021B7,↷,,,0,True
,021B8,↸,,,0,True
,021B9,↹,,,0,True
,021E6,⇦,,,0,True
,021E7,⇧,,,0,True
,021E8,⇨,,,0,True
,021E9,⇩,,,0,True
,021EA,⇪,,,0,True
,021EB,⇫,,,0,True
,021EC,⇬,,,0,True
,021ED,⇭,,,0,True
,021EE,⇮,,,0,True
,021EF,⇯,,,0,True
,021F0,⇰,,,0,True
,021F1,⇱,,,0,True
,021F2,⇲,,,0,True
,021F3,⇳,,,0,True
\leftarrowtriangle,021FD,⇽,,,0,True
\rightarrowtriangle,021FE,⇾,,,0,True
\leftrightarrowtriangle,021FF,⇿,,,0,True
\complement,02201,∁,,,0,True
,02206,∆,,,0,True
,0220A,∊,,,0,True
,0220D,∍,,,0,True
\coprod,02210,∐,,,0,True
\smallsetminus,02216,∖,,,0,True
,02231,∱,,,0,True
,0223E,∾,,,0,True
\AC,0223F,∿,,,0,True
\wr,02240,≀,,,0,True
\between,0226C,≬,,,0,True
\preccurlyeq,0227C,≼,,,0,True
\succcurlyeq,0227D,≽,,,0,True
\nprec,02280,⊀,,,0,True
\nsucc,02281,⊁,,,0,True
\sqsubset,0228F,⊏,,,0,True
\sqsupset,02290,⊐,,,0,True
\sqsubseteq,02291,⊑,,,0,True
\sqsupseteq,02292,⊒,,,0,True
\sqcap,02293,⊓,,,0,True
\sqcup,02294,⊔,,,0,True
,022B0,⊰,,,0,True
,022B1,⊱,,,0,True
\vartriangleleft,022B2,⊲,,,0,True
\vartriangleright,022B3,⊳,,,0,True
\trianglelefteq,022B4,⊴,,,0,True
\trianglerighteq,022B5,⊵,,,0,True
,022B9,⊹,,,0,True
\intercal,022BA,⊺,,,0,True
\diamond,022C4,⋄,,,0,True
\divideontimes,022C7,⋇,,,0,True
\bowtie,022C8,⋈,,,0,True
\ltimes,022C9,⋉,,,0,True
\rtimes,022CA,⋊,,,0,True
\leftthreetimes,022CB,⋋,,,0,True
\rightthreetimes,022CC,⋌,,,0,True
\curlyvee,022CE,⋎,,,0,True
\curlywedge,022CF,⋏,,,0,True
\Subset,022D0,⋐,,,0,True
\Supset,022D1,⋑,,,0,True
\Cap,022D2,⋒,,,0,True
\Cup,022D3,⋓,,,0,True
\pitchfork,022D4,⋔,,,0,True
\lesseqgtr,022DA,⋚,,,0,True
\gtreqless,022DB,⋛,,,0,True
\curlyeqprec,022DE,⋞,,,0,True
\curlyeqsucc,022DF,⋟,,,0,True
\npreceq,022E0,⋠,,,0,True
\nsucceq,022E1,⋡,,,0,True
\nsqsubseteq,022E2,⋢,,,0,True
\nsqsupseteq,022E3,⋣,,,0,True
,022E4,⋤,,,0,True
,022E5,⋥,,,0,True
\lnsim,022E6,⋦,,,0,True
\gnsim,022E7,⋧,,,0,True
\precnsim,022E8,⋨,,,0,True
\succnsim,022E9,⋩,,,0,True
\ntriangleleft,022EA,⋪,,,0,True
\ntriangleright,022EB,⋫,,,0,True
\ntrianglelefteq,022EC,⋬,,,0,True
\ntrianglerighteq,022ED,⋭,,,0,True
,022F3,⋳,,,0,True
,022F4,⋴,,,0,True
,022F7,⋷,,,0,True
,022F8,⋸,,,0,True
,022F9,⋹,,,0,True
,022FB,⋻,,,0,True
,022FC,⋼,,,0,True
,022FE,⋾,,,0,True
,022FF,⋿,,,0,True
\diameter,02300,⌀,,,0,True
,02302,⌂,,,0,True
\invneg,02310,⌐,,,0,True
\wasylozenge,02311,⌑,,,0,True
,02313,⌓,,,0,True
,02317,⌗,,,0,True
,02319,⌙,,,0,True
\ulcorner,0231C,⌜,,,0,True
\urcorner,0231D,⌝,,,0,True
\llcorner,0231E,⌞,,,0,True
\lrcorner,0231F,⌟,,,0,True
,02320,⌠,,,0,True
,02321,⌡,,,0,True
,0232C,⌬,,,0,True
,02332,⌲,,,0,True
,02336,⌶,,,0,True
,02337,⌷,,,0,True
,02338,⌸,,,0,True
\APLinv,02339,⌹,,,0,True
,0233A,⌺,,,0,True
,0233B,⌻,,,0,True
,0233C,⌼,,,0,True
,0233D,⌽,,,0,True
,0233E,⌾,,,0,True
\notslash,0233F,⌿,,,0,True
\notbackslash,02340,⍀,,,0,True
,02341,⍁,,,0,True
,02342,⍂,,,0,True
,02343,⍃,,,0,True
,02344,⍄,,,0,True
,02345,⍅,,,0,True
,02346,⍆,,,0,True
\APLleftarrowbox,02347,⍇,,,0,True
\APLrightarrowbox,02348,⍈,,,0,True
\invdiameter,02349,⍉,,,0,True
,0234A,⍊,,,0,True
,0234B,⍋,,,0,True
,0234C,⍌,,,0,True
,0234D,⍍,,,0,True
,0234E,⍎,,,0,True
,0234F,⍏,,,0,True
\APLuparrowbox,02350,⍐,,,0,True
,02351,⍑,,,0,True
,02352,⍒,,,0,True
,02353,⍓,,,0,True
,02354,⍔,,,0,True
,02355,⍕,,,0,True
,02356,⍖,,,0,True
\APLdownarrowbox,02357,⍗,,,0,True
,02358,⍘,,,0,True
,02359,⍙,,,0,True
,0235A,⍚,,,0,True
,0235B,⍛,,,0,True
,0235C,⍜,,,0,True
\APLcomment,0235D,⍝,,,0,True
\APLinput,0235E,⍞,,,0,True
\APLlog,0235F,⍟,,,0,True
,02360,⍠,,,0,True
,02361,⍡,,,0,True
,02362,⍢,,,0,True
,02363,⍣,,,0,True
,02364,⍤,,,0,True
,02365,⍥,,,0,True
,02366,⍦,,,0,True
,02367,⍧,,,0,True
,02368,⍨,,,0,True
,02369,⍩,,,0,True
,0236A,⍪,,,0,True
,0236B,⍫,,,0,True
,0236C,⍬,,,0,True
,0236D,⍭,,,0,True
,0236E,⍮,,,0,True
,0236F,⍯,,,0,True
,02370,⍰,,,0,True
,02371,⍱,,,0,True
,02372,⍲,,,0,True
,02373,⍳,,,0,True
,02374,⍴,,,0,True
,02375,⍵,,,0,True
,02376,⍶,,,0,True
,02377,⍷,,,0,True
,02378,⍸,,,0,True
,02379,⍹,,,0,True
,0237C,⍼,,,0,True
,02394,⎔,,,0,True
,023AA,⎪,,,0,True
,023AE,⎮,,,0,True
,023AF,⎯,,,0,True
,023B0,⎰,,,0,True
,023B1,⎱,,,0,True
,023B2,⎲,,,0,True
,023B3,⎳,,,0,True
,023B4,⎴,,,0,True
,023B5,⎵,,,0,True
,023B6,⎶,,,0,True
,023B7,⎷,,,0,True
,023B8,⎸,,,0,True
,023B9,⎹,,,0,True
,023CE,⏎,,,0,True
,023D0,⏐,,,0,True
\overparen,023DC,⏜,,,0,True
\underparen,023DD,⏝,,,0,True
\overbrace,023DE,⏞,,,0,True
\underbrace,023DF,⏟,,,0,True
,023E0,⏠,,,0,True
,023E1,⏡,,,0,True
,023E2,⏢,,,0,True
,023E3,⏣,,,0,True
,023E4,⏤,,,0,True
,023E5,⏥,,,0,True
,023E6,⏦,,,0,True
,023E7,⏧,,,0,True
,024C8,Ⓢ,,,0,True
,02506,┆,,,0,True
,02580,▀,,,0,True
,02584,▄,,,0,True
,02588,█,,,0,True
,0258C,▌,,,0,True
,02590,▐,,,0,True
,02591,░,,,0,True
,02592,▒,,,0,True
,02593,▓,,,0,True
,025A2,▢,,,0,True
,025A3,▣,,,0,True
,025A4,▤,,,0,True
,025A5,▥,,,0,True
,025A6,▦,,,0,True
,025A7,▧,,,0,True
,025A8,▨,,,0,True
,025A9,▩,,,0,True
,025AA,▪,,,0,True
,025AB,▫,,,0,True
,025AE,▮,,,0,True
,025AF,▯,,,0,True
,025B0,▰,,,0,True
,025B1,▱,,,0,True
\blacktriangleup,025B4,▴,,,0,True
\smalltriangleup,025B5,▵,,,0,True
\RHD,025B6,▶,,,0,True
\rhd,025B7,▷,,,0,True
\blacktriangleright,025B8,▸,,,0,True
\smalltriangleright,025B9,▹,,,0,True
,025BA,►,,,0,True
,025BB,▻,,,0,True
\blacktriangledown,025BE,▾,,,0,True
\smalltriangledown,025BF,▿,,,0,True
\LHD,025C0,◀,,,0,True
\lhd,025C1,◁,,,0,True
\blacktriangleleft,025C2,◂,,,0,True
\smalltriangleleft,025C3,◃,,,0,True
,025C4,◄,,,0,True
,025C5,◅,,,0,True
\Diamondblack,025C6,◆,,,0,True
,025C8,◈,,,0,True
,025C9,◉,,,0,True
\lozenge,025CA,◊,,,0,True
,025CC,◌,,,0,True
,025CD,◍,,,0,True
,025CE,◎,,,0,True
\LEFTcircle,025D0,◐,,,0,True
\RIGHTcircle,025D1,◑,,,0,True
,025D2,◒,,,0,True
,025D3,◓,,,0,True
,025D4,◔,,,0,True
,025D5,◕,,,0,True
\LEFTCIRCLE,025D6,◖,,,0,True
\RIGHTCIRCLE,025D7,◗,,,0,True
,025D8,◘,,,0,True
,025D9,◙,,,0,True
,025DA,◚,,,0,True
,025DB,◛,,,0,True
,025DC,◜,,,0,True
,025DD,◝,,,0,True
,025DE,◞,,,0,True
,025DF,◟,,,0,True
,025E0,◠,,,0,True
,025E1,◡,,,0,True
,025E2,◢,,,0,True
,025E3,◣,,,0,True
,025E4,◤,,,0,True
,025E5,◥,,,0,True
,025E6,◦,,,0,True
,025E7,◧,,,0,True
,025E8,◨,,,0,True
,025E9,◩,,,0,True
,025EA,◪,,,0,True
,025EC,◬,,,0,True
,025ED,◭,,,0,True
,025EE,◮,,,0,True
,025EF,◯,,,0,True
,025F0,◰,,,0,True
,025F1,◱,,,0,True
,025F2,◲,,,0,True
,025F3,◳,,,0,True
,025F4,◴,,,0,True
,025F5,◵,,,0,True
,025F6,◶,,,0,True
,025F7,◷,,,0,True
,025F8,◸,,,0,True
,025F9,◹,,,0,True
,025FA,◺,,,0,True
\square,025FB,◻,,,0,True
\blacksquare,025FC,◼,,,0,True
,025FD,◽,,,0,True
,025FE,◾,,,0,True
,025FF,◿,,,0,True
\bigstar,02605,★,,,0,True
\Sun,02609,☉,,,0,True
,0260C,☌,,,0,True
\Square,02610,☐,,,0,True
\CheckedBox,02611,☑,,,0,True
\XBox,02612,☒,,,0,True
\steaming,02615,☕,,,0,True
\pointright,0261E,☞,,,0,True
\skull,02620,☠,,,0,True
,02621,☡,,,0,True
\radiation,02622,☢,,,0,True
\biohazard,02623,☣,,,0,True
\yinyang,0262F,☯,,,0,True
\frownie,02639,☹,,,0,True
\smiley,0263A,☺,,,0,True
\blacksmiley,0263B,☻,,,0,True
\sun,0263C,☼,,,0,True
\rightmoon,0263D,☽,,,0,True
\leftmoon,0263E,☾,,,0,True
\mercury,0263F,☿,,,0,True
\female,02640,♀,,,0,True
\earth,02641,♁,,,0,True
\male,02642,♂,,,0,True
\jupiter,02643,♃,,,0,True
\saturn,02644,♄,,,0,True
\uranus,02645,♅,,,0,True
\neptune,02646,♆,,,0,True
\pluto,02647,♇,,,0,True
\aries,02648,♈,,,0,True
\taurus,02649,♉,,,0,True
\gemini,0264A,♊,,,0,True
\cancer,0264B,♋,,,0,True
\leo,0264C,♌,,,0,True
\virgo,0264D,♍,,,0,True
\libra,0264E,♎,,,0,True
\scorpio,0264F,♏,,,0,True
\sagittarius,02650,♐,,,0,True
\capricornus,02651,♑,,,0,True
\aquarius,02652,♒,,,0,True
\pisces,02653,♓,,,0,True
\spadesuit,02660,♠,,,0,True
\heartsuit,02661,♡,,,0,True
\diamondsuit,02662,♢,,,0,True
\clubsuit,02663,♣,,,0,True
\varspadesuit,02664,♤,,,0,True
\varheartsuit,02665,♥,,,0,True
\vardiamondsuit,02666,♦,,,0,True
\varclubsuit,02667,♧,,,0,True
\quarternote,02669,♩,,,0,True
\eighthnote,0266A,♪,,,0,True
\twonotes,0266B,♫,,,0,True
\sixteenthnote,0266C,♬,,,0,True
\flat,0266D,♭,,,0,True
\natural,0266E,♮,,,0,True
\sharp,0266F,♯,,,0,True
\recycle,0267B,♻,,,0,True
,0267E,♾,,,0,True
,02680,⚀,,,0,True
,02681,⚁,,,0,True
,02682,⚂,,,0,True
,02683,⚃,,,0,True
,02684,⚄,,,0,True
,02685,⚅,,,0,True
,02686,⚆,,,0,True
,02687,⚇,,,0,True
,02688,⚈,,,0,True
,02689,⚉,,,0,True
\anchor,02693,⚓,,,0,True
\swords,02694,⚔,,,0,True
\warning,026A0,⚠,,,0,True
,026A5,⚥,,,0,True
\medcirc,026AA,⚪,,,0,True
\medbullet,026AB,⚫,,,0,True
,026AC,⚬,,,0,True
,026B2,⚲,,,0,True
\pencil,0270E,✎,,,0,True
\checkmark,02713,✓,,,0,True
\ballotx,02717,✗,,,0,True
\maltese,02720,✠,,,0,True
,0272A,✪,,,0,True
,02736,✶,,,0,True
,0273D,✽,,,0,True
,02772,❲,,,0,True
,02773,❳,,,0,True
,0279B,➛,,,0,True
\arrowbullet,027A2,➢,,,0,True
,027C0,⟀,,,0,True
,027C1,⟁,,,0,True
\Lbag,027C5,⟅,,,0,True
\Rbag,027C6,⟆,,,0,True
,027C8,⟈,,,0,True
,027C9,⟉,,,0,True
,027CA,⟊,,,0,True
,027CC,⟌,,,0,True
\Diamonddot,027D0,⟐,,,0,True
,027D1,⟑,,,0,True
,027D2,⟒,,,0,True
,027D3,⟓,,,0,True
,027D4,⟔,,,0,True
,027D5,⟕,,,0,True
,027D6,⟖,,,0,True
,027D7,⟗,,,0,True
,027D8,⟘,,,0,True
,027D9,⟙,,,0,True
,027DA,⟚,,,0,True
,027DB,⟛,,,0,True
,027E0,⟠,,,0,True
,027E1,⟡,,,0,True
,027E2,⟢,,,0,True
,027E3,⟣,,,0,True
,027E4,⟤,,,0,True
,027E5,⟥,,,0,True
\lgroup,027EE,⟮,,,0,True
\rgroup,027EF,⟯,,,0,True
,027F0,⟰,,,0,True
,027F1,⟱,,,0,True
,027F2,⟲,,,0,True
,027F3,⟳,,,0,True
,027F4,⟴,,,0,True
\psur,02900,⤀,,,0,True
,02901,⤁,,,0,True
,02902,⤂,,,0,True
,02903,⤃,,,0,True
,02904,⤄,,,0,True
,02905,⤅,,,0,True
\Mapsfrom,02906,⤆,,,0,True
\Mapsto,02907,⤇,,,0,True
,02908,⤈,,,0,True
,02909,⤉,,,0,True
,0290A,⤊,,,0,True
,0290B,⤋,,,0,True
,0290C,⤌,,,0,True
,0290D,⤍,,,0,True
,0290E,⤎,,,0,True
,0290F,⤏,,,0,True
,02910,⤐,,,0,True
,02911,⤑,,,0,True
\UpArrowBar,02912,⤒,,,0,True
\DownArrowBar,02913,⤓,,,0,True
\pinj,02914,⤔,,,0,True
\finj,02915,⤕,,,0,True
\bij,02916,⤖,,,0,True
,02917,⤗,,,0,True
,02918,⤘,,,0,True
,02919,⤙,,,0,True
,0291A,⤚,,,0,True
,0291B,⤛,,,0,True
,0291C,⤜,,,0,True
,0291D,⤝,,,0,True
,0291E,⤞,,,0,True
,0291F,⤟,,,0,True
,02920,⤠,,,0,True
,02923,⤣,,,0,True
,02924,⤤,,,0,True
,02925,⤥,,,0,True
,02926,⤦,,,0,True
,02927,⤧,,,0,True
,02928,⤨,,,0,True
,02929,⤩,,,0,True
,0292A,⤪,,,0,True
,0292B,⤫,,,0,True
,0292C,⤬,,,0,True
,0292D,⤭,,,0,True
,0292E,⤮,,,0,True
,0292F,⤯,,,0,True
,02930,⤰,,,0,True
,02931,⤱,,,0,True
,02932,⤲,,,0,True
\leadsto,02933,⤳,,,0,True
,02934,⤴,,,0,True
,02935,⤵,,,0,True
,02936,⤶,,,0,True
,02937,⤷,,,0,True
,02938,⤸,,,0,True
,02939,⤹,,,0,True
,0293A,⤺,,,0,True
,0293B,⤻,,,0,True
,0293C,⤼,,,0,True
,0293D,⤽,,,0,True
,0293E,⤾,,,0,True
,0293F,⤿,,,0,True
,02940,⥀,,,0,True
,02941,⥁,,,0,True
,02942,⥂,,,0,True
,02943,⥃,,,0,True
,02944,⥄,,,0,True
,02947,⥇,,,0,True
,02949,⥉,,,0,True
\leftrightharpoon,0294A,⥊,,,0,True
\rightleftharpoon,0294B,⥋,,,0,True
,0294C,⥌,,,0,True
,0294D,⥍,,,0,True
\leftrightharpoonup,0294E,⥎,,,0,True
\rightupdownharpoon,0294F,⥏,,,0,True
\leftrightharpoondown,02950,⥐,,,0,True
\leftupdownharpoon,02951,⥑,,,0,True
\LeftVectorBar,02952,⥒,,,0,True
\RightVectorBar,02953,⥓,,,0,True
\RightUpVectorBar,02954,⥔,,,0,True
\RightDownVectorBar,02955,⥕,,,0,True
\DownLeftVectorBar,02956,⥖,,,0,True
\DownRightVectorBar,02957,⥗,,,0,True
\LeftUpVectorBar,02958,⥘,,,0,True
\LeftDownVectorBar,02959,⥙,,,0,True
\LeftTeeVector,0295A,⥚,,,0,True
\RightTeeVector,0295B,⥛,,,0,True
\RightUpTeeVector,0295C,⥜,,,0,True
\RightDownTeeVector,0295D,⥝,,,0,True
\DownLeftTeeVector,0295E,⥞,,,0,True
\DownRightTeeVector,0295F,⥟,,,0,True
\LeftUpTeeVector,02960,⥠,,,0,True
\LeftDownTeeVector,02961,⥡,,,0,True
\leftleftharpoons,02962,⥢,,,0,True
\upupharpoons,02963,⥣,,,0,True
\rightrightharpoons,02964,⥤,,,0,True
\downdownharpoons,02965,⥥,,,0,True
,02966,⥦,,,0,True
,02967,⥧,,,0,True
,02968,⥨,,,0,True
,02969,⥩,,,0,True
\leftbarharpoon,0296A,⥪,,,0,True
\barleftharpoon,0296B,⥫,,,0,True
\rightbarharpoon,0296C,⥬,,,0,True
\barrightharpoon,0296D,⥭,,,0,True
\updownharpoons,0296E,⥮,,,0,True
\downupharpoons,0296F,⥯,,,0,True
,02970,⥰,,,0,True
\strictfi,0297C,⥼,,,0,True
\strictif,0297D,⥽,,,0,True
,0297E,⥾,,,0,True
,0297F,⥿,,,0,True
\VERT,02980,⦀,,,0,True
\spot,02981,⦁,,,0,True
,02982,⦂,,,0,True
\Lparen,02985,⦅,,,0,True
\Rparen,02986,⦆,,,0,True
\limg,02987,⦇,,,0,True
\rimg,02988,⦈,,,0,True
\lblot,02989,⦉,,,0,True
\rblot,0298A,⦊,,,0,True
,0298B,⦋,,,0,True
,0298C,⦌,,,0,True
,0298D,⦍,,,0,True
,0298E,⦎,,,0,True
,0298F,⦏,,,0,True
,02990,⦐,,,0,True
,02993,⦓,,,0,True
,02994,⦔,,,0,True
,02995,⦕,,,0,True
,02996,⦖,,,0,True
,02997,⦗,,,0,True
,02998,⦘,,,0,True
,02999,⦙,,,0,True
,0299A,⦚,,,0,True
,0299B,⦛,,,0,True
,0299C,⦜,,,0,True
,0299D,⦝,,,0,True
,0299E,⦞,,,0,True
,029A0,⦠,,,0,True
,029A1,⦡,,,0,True
,029A2,⦢,,,0,True
,029A3,⦣,,,0,True
,029A5,⦥,,,0,True
,029A7,⦧,,,0,True
,029A8,⦨,,,0,True
,029A9,⦩,,,0,True
,029AA,⦪,,,0,True
,029AB,⦫,,,0,True
,029AC,⦬,,,0,True
,029AD,⦭,,,0,True
,029AE,⦮,,,0,True
,029AF,⦯,,,0,True
,029B0,⦰,,,0,True
,029B1,⦱,,,0,True
,029B2,⦲,,,0,True
,029B3,⦳,,,0,True
,029B4,⦴,,,0,True
,029B5,⦵,,,0,True
,029B6,⦶,,,0,True
,029B7,⦷,,,0,True
\circledbslash,029B8,⦸,,,0,True
,029B9,⦹,,,0,True
,029BA,⦺,,,0,True
,029BB,⦻,,,0,True
,029BC,⦼,,,0,True
,029BD,⦽,,,0,True
,029BE,⦾,,,0,True
,029BF,⦿,,,0,True
\circledless,029C0,⧀,,,0,True
\circledgtr,029C1,⧁,,,0,True
,029C2,⧂,,,0,True
,029C3,⧃,,,0,True
\boxcircle,029C7,⧇,,,0,True
\boxbox,029C8,⧈,,,0,True
,029C9,⧉,,,0,True
,029CD,⧍,,,0,True
,029CE,⧎,,,0,True
\LeftTriangleBar,029CF,⧏,,,0,True
\RightTriangleBar,029D0,⧐,,,0,True
,029D1,⧑,,,0,True
,029D2,⧒,,,0,True
,029D3,⧓,,,0,True
,029D4,⧔,,,0,True
,029D5,⧕,,,0,True
,029D6,⧖,,,0,True
,029D7,⧗,,,0,True
,029D8,⧘,,,0,True
,029D9,⧙,,,0,True
,029DA,⧚,,,0,True
,029DB,⧛,,,0,True
,029DC,⧜,,,0,True
,029DD,⧝,,,0,True
,029DE,⧞,,,0,True
\multimapboth,029DF,⧟,,,0,True
,029E0,⧠,,,0,True
,029E1,⧡,,,0,True
,029E2,⧢,,,0,True
,029E3,⧣,,,0,True
,029E4,⧤,,,0,True
,029E5,⧥,,,0,True
,029E7,⧧,,,0,True
,029E8,⧨,,,0,True
,029E9,⧩,,,0,True
,029EA,⧪,,,0,True
\blacklozenge,029EB,⧫,,,0,True
,029EC,⧬,,,0,True
,029ED,⧭,,,0,True
,029EE,⧮,,,0,True
,029EF,⧯,,,0,True
,029F0,⧰,,,0,True
,029F1,⧱,,,0,True
,029F2,⧲,,,0,True
,029F3,⧳,,,0,True
,029F4,⧴,,,0,True
\setminus,029F5,⧵,,,0,True
,029F6,⧶,,,0,True
,029F7,⧷,,,0,True
,029F8,⧸,,,0,True
\zhide,029F9,⧹,,,0,True
,029FA,⧺,,,0,True
,029FB,⧻,,,0,True
,029FC,⧼,,,0,True
,029FD,⧽,,,0,True
,029FE,⧾,,,0,True
,029FF,⧿,,,0,True
\bigsqcap,02A05,⨅,,,0,True
\bigsqcup,02A06,⨆,,,0,True
,02A11,⨑,,,0,True
,02A12,⨒,,,0,True
,02A13,⨓,,,0,True
,02A14,⨔,,,0,True
,02A17,⨗,,,0,True
\Join,02A1D,⨝,,,0,True
,02A1E,⨞,,,0,True
\zcmp,02A1F,⨟,,,0,True
\zpipe,02A20,⨠,,,0,True
\zproject,02A21,⨡,,,0,True
,02A26,⨦,,,0,True
,02A27,⨧,,,0,True
,02A28,⨨,,,0,True
,02A29,⨩,,,0,True
,02A2B,⨫,,,0,True
,02A2C,⨬,,,0,True
,02A2D,⨭,,,0,True
,02A2E,⨮,,,0,True
,02A2F,⨯,,,0,True
,02A32,⨲,,,0,True
,02A33,⨳,,,0,True
,02A34,⨴,,,0,True
,02A35,⨵,,,0,True
,02A3C,⨼,,,0,True
,02A3D,⨽,,,0,True
\fcmp,02A3E,⨾,,,0,True
\amalg,02A3F,⨿,,,0,True
,02A4C,⩌,,,0,True
,02A4D,⩍,,,0,True
,02A4E,⩎,,,0,True
,02A4F,⩏,,,0,True
,02A50,⩐,,,0,True
,02A57,⩗,,,0,True
,02A58,⩘,,,0,True
,02A61,⩡,,,0,True
\dsub,02A64,⩤,,,0,True
\rsub,02A65,⩥,,,0,True
\lneq,02A87,⪇,,,0,True
\gneq,02A88,⪈,,,0,True
\lnapprox,02A89,⪉,,,0,True
\gnapprox,02A8A,⪊,,,0,True
,02A93,⪓,,,0,True
,02A94,⪔,,,0,True
\eqslantless,02A95,⪕,,,0,True
\eqslantgtr,02A96,⪖,,,0,True
,02A97,⪗,,,0,True
,02A98,⪘,,,0,True
,02A9B,⪛,,,0,True
,02A9C,⪜,,,0,True
\NestedLessLess,02AA1,⪡,,,0,True
\NestedGreaterGreater,02AA2,⪢,,,0,True
,02AA3,⪣,,,0,True
\leftslice,02AA6,⪦,,,0,True
\rightslice,02AA7,⪧,,,0,True
,02AA8,⪨,,,0,True
,02AA9,⪩,,,0,True
,02AAA,⪪,,,0,True
,02AAB,⪫,,,0,True
,02AAC,⪬,,,0,True
,02AAD,⪭,,,0,True
,02ACD,⫍,,,0,True
,02ACE,⫎,,,0,True
,02AD1,⫑,,,0,True
,02AD2,⫒,,,0,True
,02AD8,⫘,,,0,True
,02AD9,⫙,,,0,True
,02ADA,⫚,,,0,True
,02ADB,⫛,,,0,True
,02ADF,⫟,,,0,True
,02AE0,⫠,,,0,True
,02AE1,⫡,,,0,True
,02AE2,⫢,,,0,True
\Bot,02AEB,⫫,,,0,True
,02AEC,⫬,,,0,True
,02AED,⫭,,,0,True
,02AEE,⫮,,,0,True
,02AF6,⫶,,,0,True
,02AF7,⫷,,,0,True
,02AF8,⫸,,,0,True
,02AF9,⫹,,,0,True
,02AFA,⫺,,,0,True
,02AFB,⫻,,,0,True
\sslash,02AFD,⫽,,,0,True
\talloblong,02AFE,⫾,,,0,True
,02AFF,⫿,,,0,True
,02B00,⬀,,,0,True
,02B01,⬁,,,0,True
,02B02,⬂,,,0,True
,02B03,⬃,,,0,True
,02B04,⬄,,,0,True
,02B05,⬅,,,0,True
,02B06,⬆,,,0,True
,02B07,⬇,,,0,True
,02B08,⬈,,,0,True
,02B09,⬉,,,0,True
,02B0A,⬊,,,0,True
,02B0B,⬋,,,0,True
,02B0C,⬌,,,0,True
,02B0D,⬍,,,0,True
,02B0E,⬎,,,0,True
,02B0F,⬏,,,0,True
,02B10,⬐,,,0,True
,02B11,⬑,,,0,True
,02B12,⬒,,,0,True
,02B13,⬓,,,0,True
,02B14,⬔,,,0,True
,02B15,⬕,,,0,True
,02B16,⬖,,,0,True
,02B17,⬗,,,0,True
,02B18,⬘,,,0,True
,02B19,⬙,,,0,True
,02B1A,⬚,,,0,True
\blacksquare,02B1B,⬛,,,0,True
\square,02B1C,⬜,,,0,True
,02B1D,⬝,,,0,True
,02B1E,⬞,,,0,True
,02B23,⬣,,,0,True
,02B24,⬤,,,0,True
,02B25,⬥,,,0,True
,02B26,⬦,,,0,True
,02B27,⬧,,,0,True
,02B28,⬨,,,0,True
,02B29,⬩,,,0,True
,02B2A,⬪,,,0,True
,02B2B,⬫,,,0,True
,02B2E,⬮,,,0,True
,02B2F,⬯,,,0,True
,02B33,⬳,,,0,True
,02B34,⬴,,,0,True
,02B35,⬵,,,0,True
,02B36,⬶,,,0,True
,02B37,⬷,,,0,True
,02B38,⬸,,,0,True
,02B39,⬹,,,0,True
,02B3A,⬺,,,0,True
,02B3B,⬻,,,0,True
,02B3C,⬼,,,0,True
,02B3D,⬽,,,0,True
,02B3F,⬿,,,0,True
,02B41,⭁,,,0,True
,02B42,⭂,,,0,True
,02B45,⭅,,,0,True
,02B46,⭆,,,0,True
,02B47,⭇,,,0,True
,02B48,⭈,,,0,True
,02B4B,⭋,,,0,True
,02B4C,⭌,,,0,True
,02B50,⭐,,,0,True
,02B51,⭑,,,0,True
,02B52,⭒,,,0,True
,02B53,⭓,,,0,True
,02B54,⭔,,,0,True
,03008,〈,,,0,True
,03009,〉,,,0,True
,03012,〒,,,0,True
,03014,〔,,,0,True
,03015,〕,,,0,True
,03018,〘,,,0,True
,03019,〙,,,0,True
,0301A,〚,,,0,True
,0301B,〛,,,0,True
,03030,〰,,,0,True
,0306E,の,,,0,True
,0FB29,﬩,,,0,True
,0FE00,︀,,,0,True
,0FE61,﹡,,,0,True
,0FE63,﹣,,,0,True
,0FE68,﹨,,,0,True
,0FF3C,＼,,,0,True
,0FF3E,＾,,,0,True
,0FF5C,｜,,,0,True
,0FF5E,～,,,0,True
,0FFE2,￢,,,0,True
,0FFE9,￩,,,0,True
,0FFEA,￪,,,0,True
,0FFEB,￫,,,0,True
,0FFEC,￬,,,0,True
\mathbf{A},1D400,𝐀,,,0,True
\mathbf{B},1D401,𝐁,,,0,True
\mathbf{C},1D402,𝐂,,,0,True
\mathbf{D},1D403,𝐃,,,0,True
\mathbf{E},1D404,𝐄,,,0,True
\mathbf{F},1D405,𝐅,,,0,True
\mathbf{G},1D406,𝐆,,,0,True
\mathbf{H},1D407,𝐇,,,0,True
\mathbf{I},1D408,𝐈,,,0,True
\mathbf{J},1D409,𝐉,,,0,True
\mathbf{K},1D40A,𝐊,,,0,True
\mathbf{L},1D40B,𝐋,,,0,True
\mathbf{M},1D40C,𝐌,,,0,True
\mathbf{N},1D40D,𝐍,,,0,True
\mathbf{O},1D40E,𝐎,,,0,True
\mathbf{P},1D40F,𝐏,,,0,True
\mathbf{Q},1D410,𝐐,,,0,True
\mathbf{R},1D411,𝐑,,,0,True
\mathbf{S},1D412,𝐒,,,0,True
\mathbf{T},1D413,𝐓,,,0,True
\mathbf{U},1D414,𝐔,,,0,True
\mathbf{V},1D415,𝐕,,,0,True
\mathbf{W},1D416,𝐖,,,0,True
\mathbf{X},1D417,𝐗,,,0,True
\mathbf{Y},1D418,𝐘,,,0,True
\mathbf{Z},1D419,𝐙,,,0,True
\mathbf{a},1D41A,𝐚,,,0,True
\mathbf{b},1D41B,𝐛,,,0,True
\mathbf{c},1D41C,𝐜,,,0,True
\mathbf{d},1D41D,𝐝,,,0,True
\mathbf{e},1D41E,𝐞,,,0,True
\mathbf{f},1D41F,𝐟,,,0,True
\mathbf{g},1D420,𝐠,,,0,True
\mathbf{h},1D421,𝐡,,,0,True
\mathbf{i},1D422,𝐢,,,0,True
\mathbf{j},1D423,𝐣,,,0,True
\mathbf{k},1D424,𝐤,,,0,True
\mathbf{l},1D425,𝐥,,,0,True
\mathbf{m},1D426,𝐦,,,0,True
\mathbf{n},1D427,𝐧,,,0,True
\mathbf{o},1D428,𝐨,,,0,True
\mathbf{p},1D429,𝐩,,,0,True
\mathbf{q},1D42A,𝐪,,,0,True
\mathbf{r},1D42B,𝐫,,,0,True
\mathbf{s},1D42C,𝐬,,,0,True
\mathbf{t},1D42D,𝐭,,,0,True
\mathbf{u},1D42E,𝐮,,,0,True
\mathbf{v},1D42F,𝐯,,,0,True
\mathbf{w},1D430,𝐰,,,0,True
\mathbf{x},1D431,𝐱,,,0,True
\mathbf{y},1D432,𝐲,,,0,True
\mathbf{z},1D433,𝐳,,,0,True
A,1D434,𝐴,,,0,True
B,1D435,𝐵,,,0,True
C,1D436,𝐶,,,0,True
D,1D437,𝐷,,,0,True
E,1D438,𝐸,,,0,True
F,1D439,𝐹,,,0,True
G,1D43A,𝐺,,,0,True
H,1D43B,𝐻,,,0,True
I,1D43C,𝐼,,,0,True
J,1D43D,𝐽,,,0,True
K,1D43E,𝐾,,,0,True
L,1D43F,𝐿,,,0,True
M,1D440,𝑀,,,0,True
N,1D441,𝑁,,,0,True
O,1D442,𝑂,,,0,True
P,1D443,𝑃,,,0,True
Q,1D444,𝑄,,,0,True
R,1D445,𝑅,,,0,True
S,1D446,𝑆,,,0,True
T,1D447,𝑇,,,0,True
U,1D448,𝑈,,,0,True
V,1D449,𝑉,,,0,True
W,1D44A,𝑊,,,0,True
X,1D44B,𝑋,,,0,True
Y,1D44C,𝑌,,,0,True
Z,1D44D,𝑍,,,0,True
a,1D44E,𝑎,,,0,True
b,1D44F,𝑏,,,0,True
c,1D450,𝑐,,,0,True
d,1D451,𝑑,,,0,True
e,1D452,𝑒,,,0,True
f,1D453,𝑓,,,0,True
g,1D454,𝑔,,,0,True
i,1D456,𝑖,,,0,True
j,1D457,𝑗,,,0,True
k,1D458,𝑘,,,0,True
l,1D459,𝑙,,,0,True
m,1D45A,𝑚,,,0,True
n,1D45B,𝑛,,,0,True
o,1D45C,𝑜,,,0,True
p,1D45D,𝑝,,,0,True
q,1D45E,𝑞,,,0,True
r,1D45F,𝑟,,,0,True
s,1D460,𝑠,,,0,True
t,1D461,𝑡,,,0,True
u,1D462,𝑢,,,0,True
v,1D463,𝑣,,,0,True
w,1D464,𝑤,,,0,True
x,1D465,𝑥,,,0,True
y,1D466,𝑦,,,0,True
z,1D467,𝑧,,,0,True
\mathbfit{A},1D468,𝑨,,,0,True
\mathbfit{B},1D469,𝑩,,,0,True
\mathbfit{C},1D46A,𝑪,,,0,True
\mathbfit{D},1D46B,𝑫,,,0,True
\mathbfit{E},1D46C,𝑬,,,0,True
\mathbfit{F},1D46D,𝑭,,,0,True
\mathbfit{G},1D46E,𝑮,,,0,True
\mathbfit{H},1D46F,𝑯,,,0,True
\mathbfit{I},1D470,𝑰,,,0,True
\mathbfit{J},1D471,𝑱,,,0,True
\mathbfit{K},1D472,𝑲,,,0,True
\mathbfit{L},1D473,𝑳,,,0,True
\mathbfit{M},1D474,𝑴,,,0,True
\mathbfit{N},1D475,𝑵,,,0,True
\mathbfit{O},1D476,𝑶,,,0,True
\mathbfit{P},1D477,𝑷,,,0,True
\mathbfit{Q},1D478,𝑸,,,0,True
\mathbfit{R},1D479,𝑹,,,0,True
\mathbfit{S},1D47A,𝑺,,,0,True
\mathbfit{T},1D47B,𝑻,,,0,True
\mathbfit{U},1D47C,𝑼,,,0,True
\mathbfit{V},1D47D,𝑽,,,0,True
\mathbfit{W},1D47E,𝑾,,,0,True
\mathbfit{X},1D47F,𝑿,,,0,True
\mathbfit{Y},1D480,𝒀,,,0,True
\mathbfit{Z},1D481,𝒁,,,0,True
\mathbfit{a},1D482,𝒂,,,0,True
\mathbfit{b},1D483,𝒃,,,0,True
\mathbfit{c},1D484,𝒄,,,0,True
\mathbfit{d},1D485,𝒅,,,0,True
\mathbfit{e},1D486,𝒆,,,0,True
\mathbfit{f},1D487,𝒇,,,0,True
\mathbfit{g},1D488,𝒈,,,0,True
\mathbfit{h},1D489,𝒉,,,0,True
\mathbfit{i},1D48A,𝒊,,,0,True
\mathbfit{j},1D48B,𝒋,,,0,True
\mathbfit{k},1D48C,𝒌,,,0,True
\mathbfit{l},1D48D,𝒍,,,0,True
\mathbfit{m},1D48E,𝒎,,,0,True
\mathbfit{n},1D48F,𝒏,,,0,True
\mathbfit{o},1D490,𝒐,,,0,True
\mathbfit{p},1D491,𝒑,,,0,True
\mathbfit{q},1D492,𝒒,,,0,True
\mathbfit{r},1D493,𝒓,,,0,True
\mathbfit{s},1D494,𝒔,,,0,True
\mathbfit{t},1D495,𝒕,,,0,True
\mathbfit{u},1D496,𝒖,,,0,True
\mathbfit{v},1D497,𝒗,,,0,True
\mathbfit{w},1D498,𝒘,,,0,True
\mathbfit{x},1D499,𝒙,,,0,True
\mathbfit{y},1D49A,𝒚,,,0,True
\mathbfit{z},1D49B,𝒛,,,0,True
\mathcal{A},1D49C,𝒜,,,0,True
\mathcal{C},1D49E,𝒞,,,0,True
\mathcal{D},1D49F,𝒟,,,0,True
\mathcal{G},1D4A2,𝒢,,,0,True
\mathcal{J},1D4A5,𝒥,,,0,True
\mathcal{K},1D4A6,𝒦,,,0,True
\mathcal{N},1D4A9,𝒩,,,0,True
\mathcal{O},1D4AA,𝒪,,,0,True
\mathcal{P},1D4AB,𝒫,,,0,True
\mathcal{Q},1D4AC,𝒬,,,0,True
\mathcal{S},1D4AE,𝒮,,,0,True
\mathcal{T},1D4AF,𝒯,,,0,True
\mathcal{U},1D4B0,𝒰,,,0,True
\mathcal{V},1D4B1,𝒱,,,0,True
\mathcal{W},1D4B2,𝒲,,,0,True
\mathcal{X},1D4B3,𝒳,,,0,True
\mathcal{Y},1D4B4,𝒴,,,0,True
\mathcal{Z},1D4B5,𝒵,,,0,True
\mathcal{a},1D4B6,𝒶,,,0,True
\mathcal{b},1D4B7,𝒷,,,0,True
\mathcal{c},1D4B8,𝒸,,,0,True
\mathcal{d},1D4B9,𝒹,,,0,True
\mathcal{f},1D4BB,𝒻,,,0,True
\mathcal{h},1D4BD,𝒽,,,0,True
\mathcal{i},1D4BE,𝒾,,,0,True
\mathcal{j},1D4BF,𝒿,,,0,True
\mathcal{k},1D4C0,𝓀,,,0,True
\mathcal{l},1D4C1,𝓁,,,0,True
\mathcal{m},1D4C2,𝓂,,,0,True
\mathcal{n},1D4C3,𝓃,,,0,True
\mathcal{p},1D4C5,𝓅,,,0,True
\mathcal{q},1D4C6,𝓆,,,0,True
\mathcal{r},1D4C7,𝓇,,,0,True
\mathcal{s},1D4C8,𝓈,,,0,True
\mathcal{t},1D4C9,𝓉,,,0,True
\mathcal{u},1D4CA,𝓊,,,0,True
\mathcal{v},1D4CB,𝓋,,,0,True
\mathcal{w},1D4CC,𝓌,,,0,True
\mathcal{x},1D4CD,𝓍,,,0,True
\mathcal{y},1D4CE,𝓎,,,0,True
\mathcal{z},1D4CF,𝓏,,,0,True
,1D4D0,𝓐,,,0,True
,1D4D1,𝓑,,,0,True
,1D4D2,𝓒,,,0,True
,1D4D3,𝓓,,,0,True
,1D4D4,𝓔,,,0,True
,1D4D5,𝓕,,,0,True
,1D4D6,𝓖,,,0,True
,1D4D7,𝓗,,,0,True
,1D4D8,𝓘,,,0,True
,1D4D9,𝓙,,,0,True
,1D4DA,𝓚,,,0,True
,1D4DB,𝓛,,,0,True
,1D4DC,𝓜,,,0,True
,1D4DD,𝓝,,,0,True
,1D4DE,𝓞,,,0,True
,1D4DF,𝓟,,,0,True
,1D4E0,𝓠,,,0,True
,1D4E1,𝓡,,,0,True
,1D4E2,𝓢,,,0,True
,1D4E3,𝓣,,,0,True
,1D4E4,𝓤,,,0,True
,1D4E5,𝓥,,,0,True
,1D4E6,𝓦,,,0,True
,1D4E7,𝓧,,,0,True
,1D4E8,𝓨,,,0,True
,1D4E9,𝓩,,,0,True
,1D4EA,𝓪,,,0,True
,1D4EB,𝓫,,,0,True
,1D4EC,𝓬,,,0,True
,1D4ED,𝓭,,,0,True
,1D4EE,𝓮,,,0,True
,1D4EF,𝓯,,,0,True
,1D4F0,𝓰,,,0,True
,1D4F1,𝓱,,,0,True
,1D4F2,𝓲,,,0,True
,1D4F3,𝓳,,,0,True
,1D4F4,𝓴,,,0,True
,1D4F5,𝓵,,,0,True
,1D4F6,𝓶,,,0,True
,1D4F7,𝓷,,,0,True
,1D4F8,𝓸,,,0,True
,1D4F9,𝓹,,,0,True
,1D4FA,𝓺,,,0,True
,1D4FB,𝓻,,,0,True
,1D4FC,𝓼,,,0,True
,1D4FD,𝓽,,,0,True
,1D4FE,𝓾,,,0,True
,1D4FF,𝓿,,,0,True
,1D500,𝔀,,,0,True
,1D501,𝔁,,,0,True
,1D502,𝔂,,,0,True
,1D503,𝔃,,,0,True
\mathfrak{A},1D504,𝔄,,,0,True
\mathfrak{B},1D505,𝔅,,,0,True
\mathfrak{D},1D507,𝔇,,,0,True
\mathfrak{E},1D508,𝔈,,,0,True
\mathfrak{F},1D509,𝔉,,,0,True
\mathfrak{G},1D50A,𝔊,,,0,True
\mathfrak{J},1D50D,𝔍,,,0,True
\mathfrak{K},1D50E,𝔎,,,0,True
\mathfrak{L},1D50F,𝔏,,,0,True
\mathfrak{M},1D510,𝔐,,,0,True
\mathfrak{N},1D511,𝔑,,,0,True
\mathfrak{O},1D512,𝔒,,,0,True
\mathfrak{P},1D513,𝔓,,,0,True
\mathfrak{Q},1D514,𝔔,,,0,True
\mathfrak{S},1D516,𝔖,,,0,True
\mathfrak{T},1D517,𝔗,,,0,True
\mathfrak{U},1D518,𝔘,,,0,True
\mathfrak{V},1D519,𝔙,,,0,True
\mathfrak{W},1D51A,𝔚,,,0,True
\mathfrak{X},1D51B,𝔛,,,0,True
\mathfrak{Y},1D51C,𝔜,,,0,True
\mathfrak{a},1D51E,𝔞,,,0,True
\mathfrak{b},1D51F,𝔟,,,0,True
\mathfrak{c},1D520,𝔠,,,0,True
\mathfrak{d},1D521,𝔡,,,0,True
\mathfrak{e},1D522,𝔢,,,0,True
\mathfrak{f},1D523,𝔣,,,0,True
\mathfrak{g},1D524,𝔤,,,0,True
\mathfrak{h},1D525,𝔥,,,0,True
\mathfrak{i},1D526,𝔦,,,0,True
\mathfrak{j},1D527,𝔧,,,0,True
\mathfrak{k},1D528,𝔨,,,0,True
\mathfrak{l},1D529,𝔩,,,0,True
\mathfrak{m},1D52A,𝔪,,,0,True
\mathfrak{n},1D52B,𝔫,,,0,True
\mathfrak{o},1D52C,𝔬,,,0,True
\mathfrak{p},1D52D,𝔭,,,0,True
\mathfrak{q},1D52E,𝔮,,,0,True
\mathfrak{r},1D52F,𝔯,,,0,True
\mathfrak{s},1D530,𝔰,,,0,True
\mathfrak{t},1D531,𝔱,,,0,True
\mathfrak{u},1D532,𝔲,,,0,True
\mathfrak{v},1D533,𝔳,,,0,True
\mathfrak{w},1D534,𝔴,,,0,True
\mathfrak{x},1D535,𝔵,,,0,True
\mathfrak{y},1D536,𝔶,,,0,True
\mathfrak{z},1D537,𝔷,,,0,True
\mathbb{A},1D538,𝔸,,,0,True
\mathbb{B},1D539,𝔹,,,0,True
\mathbb{D},1D53B,𝔻,,,0,True
\mathbb{E},1D53C,𝔼,,,0,True
\mathbb{F},1D53D,𝔽,,,0,True
\mathbb{G},1D53E,𝔾,,,0,True
\mathbb{I},1D540,𝕀,,,0,True
\mathbb{J},1D541,𝕁,,,0,True
\mathbb{K},1D542,𝕂,,,0,True
\mathbb{L},1D543,𝕃,,,0,True
\mathbb{M},1D544,𝕄,,,0,True
\mathbb{O},1D546,𝕆,,,0,True
\mathbb{S},1D54A,𝕊,,,0,True
\mathbb{T},1D54B,𝕋,,,0,True
\mathbb{U},1D54C,𝕌,,,0,True
\mathbb{V},1D54D,𝕍,,,0,True
\mathbb{W},1D54E,𝕎,,,0,True
\mathbb{X},1D54F,𝕏,,,0,True
\mathbb{Y},1D550,𝕐,,,0,True
\mathbb{a},1D552,𝕒,,,0,True
\mathbb{b},1D553,𝕓,,,0,True
\mathbb{c},1D554,𝕔,,,0,True
\mathbb{d},1D555,𝕕,,,0,True
\mathbb{e},1D556,𝕖,,,0,True
\mathbb{f},1D557,𝕗,,,0,True
\mathbb{g},1D558,𝕘,,,0,True
\mathbb{h},1D559,𝕙,,,0,True
\mathbb{i},1D55A,𝕚,,,0,True
\mathbb{j},1D55B,𝕛,,,0,True
\mathbb{k},1D55C,𝕜,,,0,True
\mathbb{l},1D55D,𝕝,,,0,True
\mathbb{m},1D55E,𝕞,,,0,True
\mathbb{n},1D55F,𝕟,,,0,True
\mathbb{o},1D560,𝕠,,,0,True
\mathbb{p},1D561,𝕡,,,0,True
\mathbb{q},1D562,𝕢,,,0,True
\mathbb{r},1D563,𝕣,,,0,True
\mathbb{s},1D564,𝕤,,,0,True
\mathbb{t},1D565,𝕥,,,0,True
\mathbb{u},1D566,𝕦,,,0,True
\mathbb{v},1D567,𝕧,,,0,True
\mathbb{w},1D568,𝕨,,,0,True
\mathbb{x},1D569,𝕩,,,0,True
\mathbb{y},1D56A,𝕪,,,0,True
\mathbb{z},1D56B,𝕫,,,0,True
,1D56C,𝕬,,,0,True
,1D56D,𝕭,,,0,True
,1D56E,𝕮,,,0,True
,1D56F,𝕯,,,0,True
,1D570,𝕰,,,0,True
,1D571,𝕱,,,0,True
,1D572,𝕲,,,0,True
,1D573,𝕳,,,0,True
,1D574,𝕴,,,0,True
,1D575,𝕵,,,0,True
,1D576,𝕶,,,0,True
,1D577,𝕷,,,0,True
,1D578,𝕸,,,0,True
,1D579,𝕹,,,0,True
,1D57A,𝕺,,,0,True
,1D57B,𝕻,,,0,True
,1D57C,𝕼,,,0,True
,1D57D,𝕽,,,0,True
,1D57E,𝕾,,,0,True
,1D57F,𝕿,,,0,True
,1D580,𝖀,,,0,True
,1D581,𝖁,,,0,True
,1D582,𝖂,,,0,True
,1D583,𝖃,,,0,True
,1D584,𝖄,,,0,True
,1D585,𝖅,,,0,True
,1D586,𝖆,,,0,True
,1D587,𝖇,,,0,True
,1D588,𝖈,,,0,True
,1D589,𝖉,,,0,True
,1D58A,𝖊,,,0,True
,1D58B,𝖋,,,0,True
,1D58C,𝖌,,,0,True
,1D58D,𝖍,,,0,True
,1D58E,𝖎,,,0,True
,1D58F,𝖏,,,0,True
,1D590,𝖐,,,0,True
,1D591,𝖑,,,0,True
,1D592,𝖒,,,0,True
,1D593,𝖓,,,0,True
,1D594,𝖔,,,0,True
,1D595,𝖕,,,0,True
,1D596,𝖖,,,0,True
,1D597,𝖗,,,0,True
,1D598,𝖘,,,0,True
,1D599,𝖙,,,0,True
,1D59A,𝖚,,,0,True
,1D59B,𝖛,,,0,True
,1D59C,𝖜,,,0,True
,1D59D,𝖝,,,0,True
,1D59E,𝖞,,,0,True
,1D59F,𝖟,,,0,True
\mathsf{A},1D5A0,𝖠,,,0,True
\mathsf{B},1D5A1,𝖡,,,0,True
\mathsf{C},1D5A2,𝖢,,,0,True
\mathsf{D},1D5A3,𝖣,,,0,True
\mathsf{E},1D5A4,𝖤,,,0,True
\mathsf{F},1D5A5,𝖥,,,0,True
\mathsf{G},1D5A6,𝖦,,,0,True
\mathsf{H},1D5A7,𝖧,,,0,True
\mathsf{I},1D5A8,𝖨,,,0,True
\mathsf{J},1D5A9,𝖩,,,0,True
\mathsf{K},1D5AA,𝖪,,,0,True
\mathsf{L},1D5AB,𝖫,,,0,True
\mathsf{M},1D5AC,𝖬,,,0,True
\mathsf{N},1D5AD,𝖭,,,0,True
\mathsf{O},1D5AE,𝖮,,,0,True
\mathsf{P},1D5AF,𝖯,,,0,True
\mathsf{Q},1D5B0,𝖰,,,0,True
\mathsf{R},1D5B1,𝖱,,,0,True
\mathsf{S},1D5B2,𝖲,,,0,True
\mathsf{T},1D5B3,𝖳,,,0,True
\mathsf{U},1D5B4,𝖴,,,0,True
\mathsf{V},1D5B5,𝖵,,,0,True
\mathsf{W},1D5B6,𝖶,,,0,True
\mathsf{X},1D5B7,𝖷,,,0,True
\mathsf{Y},1D5B8,𝖸,,,0,True
\mathsf{Z},1D5B9,𝖹,,,0,True
\mathsf{a},1D5BA,𝖺,,,0,True
\mathsf{b},1D5BB,𝖻,,,0,True
\mathsf{c},1D5BC,𝖼,,,0,True
\mathsf{d},1D5BD,𝖽,,,0,True
\mathsf{e},1D5BE,𝖾,,,0,True
\mathsf{f},1D5BF,𝖿,,,0,True
\mathsf{g},1D5C0,𝗀,,,0,True
\mathsf{h},1D5C1,𝗁,,,0,True
\mathsf{i},1D5C2,𝗂,,,0,True
\mathsf{j},1D5C3,𝗃,,,0,True
\mathsf{k},1D5C4,𝗄,,,0,True
\mathsf{l},1D5C5,𝗅,,,0,True
\mathsf{m},1D5C6,𝗆,,,0,True
\mathsf{n},1D5C7,𝗇,,,0,True
\mathsf{o},1D5C8,𝗈,,,0,True
\mathsf{p},1D5C9,𝗉,,,0,True
\mathsf{q},1D5CA,𝗊,,,0,True
\mathsf{r},1D5CB,𝗋,,,0,True
\mathsf{s},1D5CC,𝗌,,,0,True
\mathsf{t},1D5CD,𝗍,,,0,True
\mathsf{u},1D5CE,𝗎,,,0,True
\mathsf{v},1D5CF,𝗏,,,0,True
\mathsf{w},1D5D0,𝗐,,,0,True
\mathsf{x},1D5D1,𝗑,,,0,True
\mathsf{y},1D5D2,𝗒,,,0,True
\mathsf{z},1D5D3,𝗓,,,0,True
\mathsfbf{A},1D5D4,𝗔,,,0,True
\mathsfbf{B},1D5D5,𝗕,,,0,True
\mathsfbf{C},1D5D6,𝗖,,,0,True
\mathsfbf{D},1D5D7,𝗗,,,0,True
\mathsfbf{E},1D5D8,𝗘,,,0,True
\mathsfbf{F},1D5D9,𝗙,,,0,True
\mathsfbf{G},1D5DA,𝗚,,,0,True
\mathsfbf{H},1D5DB,𝗛,,,0,True
\mathsfbf{I},1D5DC,𝗜,,,0,True
\mathsfbf{J},1D5DD,𝗝,,,0,True
\mathsfbf{K},1D5DE,𝗞,,,0,True
\mathsfbf{L},1D5DF,𝗟,,,0,True
\mathsfbf{M},1D5E0,𝗠,,,0,True
\mathsfbf{N},1D5E1,𝗡,,,0,True
\mathsfbf{O},1D5E2,𝗢,,,0,True
\mathsfbf{P},1D5E3,𝗣,,,0,True
\mathsfbf{Q},1D5E4,𝗤,,,0,True
\mathsfbf{R},1D5E5,𝗥,,,0,True
\mathsfbf{S},1D5E6,𝗦,,,0,True
\mathsfbf{T},1D5E7,𝗧,,,0,True
\mathsfbf{U},1D5E8,𝗨,,,0,True
\mathsfbf{V},1D5E9,𝗩,,,0,True
\mathsfbf{W},1D5EA,𝗪,,,0,True
\mathsfbf{X},1D5EB,𝗫,,,0,True
\mathsfbf{Y},1D5EC,𝗬,,,0,True
\mathsfbf{Z},1D5ED,𝗭,,,0,True
\mathsfbf{a},1D5EE,𝗮,,,0,True
\mathsfbf{b},1D5EF,𝗯,,,0,True
\mathsfbf{c},1D5F0,𝗰,,,0,True
\mathsfbf{d},1D5F1,𝗱,,,0,True
\mathsfbf{e},1D5F2,𝗲,,,0,True
\mathsfbf{f},1D5F3,𝗳,,,0,True
\mathsfbf{g},1D5F4,𝗴,,,0,True
\mathsfbf{h},1D5F5,𝗵,,,0,True
\mathsfbf{i},1D5F6,𝗶,,,0,True
\mathsfbf{j},1D5F7,𝗷,,,0,True
\mathsfbf{k},1D5F8,𝗸,,,0,True
\mathsfbf{l},1D5F9,𝗹,,,0,True
\mathsfbf{m},1D5FA,𝗺,,,0,True
\mathsfbf{n},1D5FB,𝗻,,,0,True
\mathsfbf{o},1D5FC,𝗼,,,0,True
\mathsfbf{p},1D5FD,𝗽,,,0,True
\mathsfbf{q},1D5FE,𝗾,,,0,True
\mathsfbf{r},1D5FF,𝗿,,,0,True
\mathsfbf{s},1D600,𝘀,,,0,True
\mathsfbf{t},1D601,𝘁,,,0,True
\mathsfbf{u},1D602,𝘂,,,0,True
\mathsfbf{v},1D603,𝘃,,,0,True
\mathsfbf{w},1D604,𝘄,,,0,True
\mathsfbf{x},1D605,𝘅,,,0,True
\mathsfbf{y},1D606,𝘆,,,0,True
\mathsfbf{z},1D607,𝘇,,,0,True
\mathsfit{A},1D608,𝘈,,,0,True
\mathsfit{B},1D609,𝘉,,,0,True
\mathsfit{C},1D60A,𝘊,,,0,True
\mathsfit{D},1D60B,𝘋,,,0,True
\mathsfit{E},1D60C,𝘌,,,0,True
\mathsfit{F},1D60D,𝘍,,,0,True
\mathsfit{G},1D60E,𝘎,,,0,True
\mathsfit{H},1D60F,𝘏,,,0,True
\mathsfit{I},1D610,𝘐,,,0,True
\mathsfit{J},1D611,𝘑,,,0,True
\mathsfit{K},1D612,𝘒,,,0,True
\mathsfit{L},1D613,𝘓,,,0,True
\mathsfit{M},1D614,𝘔,,,0,True
\mathsfit{N},1D615,𝘕,,,0,True
\mathsfit{O},1D616,𝘖,,,0,True
\mathsfit{P},1D617,𝘗,,,0,True
\mathsfit{Q},1D618,𝘘,,,0,True
\mathsfit{R},1D619,𝘙,,,0,True
\mathsfit{S},1D61A,𝘚,,,0,True
\mathsfit{T},1D61B,𝘛,,,0,True
\mathsfit{U},1D61C,𝘜,,,0,True
\mathsfit{V},1D61D,𝘝,,,0,True
\mathsfit{W},1D61E,𝘞,,,0,True
\mathsfit{X},1D61F,𝘟,,,0,True
\mathsfit{Y},1D620,𝘠,,,0,True
\mathsfit{Z},1D621,𝘡,,,0,True
\mathsfit{a},1D622,𝘢,,,0,True
\mathsfit{b},1D623,𝘣,,,0,True
\mathsfit{c},1D624,𝘤,,,0,True
\mathsfit{d},1D625,𝘥,,,0,True
\mathsfit{e},1D626,𝘦,,,0,True
\mathsfit{f},1D627,𝘧,,,0,True
\mathsfit{g},1D628,𝘨,,,0,True
\mathsfit{h},1D629,𝘩,,,0,True
\mathsfit{i},1D62A,𝘪,,,0,True
\mathsfit{j},1D62B,𝘫,,,0,True
\mathsfit{k},1D62C,𝘬,,,0,True
\mathsfit{l},1D62D,𝘭,,,0,True
\mathsfit{m},1D62E,𝘮,,,0,True
\mathsfit{n},1D62F,𝘯,,,0,True
\mathsfit{o},1D630,𝘰,,,0,True
\mathsfit{p},1D631,𝘱,,,0,True
\mathsfit{q},1D632,𝘲,,,0,True
\mathsfit{r},1D633,𝘳,,,0,True
\mathsfit{s},1D634,𝘴,,,0,True
\mathsfit{t},1D635,𝘵,,,0,True
\mathsfit{u},1D636,𝘶,,,0,True
\mathsfit{v},1D637,𝘷,,,0,True
\mathsfit{w},1D638,𝘸,,,0,True
\mathsfit{x},1D639,𝘹,,,0,True
\mathsfit{y},1D63A,𝘺,,,0,True
\mathsfit{z},1D63B,𝘻,,,0,True
\mathsfbfit{A},1D63C,𝘼,,,0,True
\mathsfbfit{B},1D63D,𝘽,,,0,True
\mathsfbfit{C},1D63E,𝘾,,,0,True
\mathsfbfit{D},1D63F,𝘿,,,0,True
\mathsfbfit{E},1D640,𝙀,,,0,True
\mathsfbfit{F},1D641,𝙁,,,0,True
\mathsfbfit{G},1D642,𝙂,,,0,True
\mathsfbfit{H},1D643,𝙃,,,0,True
\mathsfbfit{I},1D644,𝙄,,,0,True
\mathsfbfit{J},1D645,𝙅,,,0,True
\mathsfbfit{K},1D646,𝙆,,,0,True
\mathsfbfit{L},1D647,𝙇,,,0,True
\mathsfbfit{M},1D648,𝙈,,,0,True
\mathsfbfit{N},1D649,𝙉,,,0,True
\mathsfbfit{O},1D64A,𝙊,,,0,True
\mathsfbfit{P},1D64B,𝙋,,,0,True
\mathsfbfit{Q},1D64C,𝙌,,,0,True
\mathsfbfit{R},1D64D,𝙍,,,0,True
\mathsfbfit{S},1D64E,𝙎,,,0,True
\mathsfbfit{T},1D64F,𝙏,,,0,True
\mathsfbfit{U},1D650,𝙐,,,0,True
\mathsfbfit{V},1D651,𝙑,,,0,True
\mathsfbfit{W},1D652,𝙒,,,0,True
\mathsfbfit{X},1D653,𝙓,,,0,True
\mathsfbfit{Y},1D654,𝙔,,,0,True
\mathsfbfit{Z},1D655,𝙕,,,0,True
\mathsfbfit{a},1D656,𝙖,,,0,True
\mathsfbfit{b},1D657,𝙗,,,0,True
\mathsfbfit{c},1D658,𝙘,,,0,True
\mathsfbfit{d},1D659,𝙙,,,0,True
\mathsfbfit{e},1D65A,𝙚,,,0,True
\mathsfbfit{f},1D65B,𝙛,,,0,True
\mathsfbfit{g},1D65C,𝙜,,,0,True
\mathsfbfit{h},1D65D,𝙝,,,0,True
\mathsfbfit{i},1D65E,𝙞,,,0,True
\mathsfbfit{j},1D65F,𝙟,,,0,True
\mathsfbfit{k},1D660,𝙠,,,0,True
\mathsfbfit{l},1D661,𝙡,,,0,True
\mathsfbfit{m},1D662,𝙢,,,0,True
\mathsfbfit{n},1D663,𝙣,,,0,True
\mathsfbfit{o},1D664,𝙤,,,0,True
\mathsfbfit{p},1D665,𝙥,,,0,True
\mathsfbfit{q},1D666,𝙦,,,0,True
\mathsfbfit{r},1D667,𝙧,,,0,True
\mathsfbfit{s},1D668,𝙨,,,0,True
\mathsfbfit{t},1D669,𝙩,,,0,True
\mathsfbfit{u},1D66A,𝙪,,,0,True
\mathsfbfit{v},1D66B,𝙫,,,0,True
\mathsfbfit{w},1D66C,𝙬,,,0,True
\mathsfbfit{x},1D66D,𝙭,,,0,True
\mathsfbfit{y},1D66E,𝙮,,,0,True
\mathsfbfit{z},1D66F,𝙯,,,0,True
\mathtt{A},1D670,𝙰,,,0,True
\mathtt{B},1D671,𝙱,,,0,True
\mathtt{C},1D672,𝙲,,,0,True
\mathtt{D},1D673,𝙳,,,0,True
\mathtt{E},1D674,𝙴,,,0,True
\mathtt{F},1D675,𝙵,,,0,True
\mathtt{G},1D676,𝙶,,,0,True
\mathtt{H},1D677,𝙷,,,0,True
\mathtt{I},1D678,𝙸,,,0,True
\mathtt{J},1D679,𝙹,,,0,True
\mathtt{K},1D67A,𝙺,,,0,True
\mathtt{L},1D67B,𝙻,,,0,True
\mathtt{M},1D67C,𝙼,,,0,True
\mathtt{N},1D67D,𝙽,,,0,True
\mathtt{O},1D67E,𝙾,,,0,True
\mathtt{P},1D67F,𝙿,,,0,True
\mathtt{Q},1D680,𝚀,,,0,True
\mathtt{R},1D681,𝚁,,,0,True
\mathtt{S},1D682,𝚂,,,0,True
\mathtt{T},1D683,𝚃,,,0,True
\mathtt{U},1D684,𝚄,,,0,True
\mathtt{V},1D685,𝚅,,,0,True
\mathtt{W},1D686,𝚆,,,0,True
\mathtt{X},1D687,𝚇,,,0,True
\mathtt{Y},1D688,𝚈,,,0,True
\mathtt{Z},1D689,𝚉,,,0,True
\mathtt{a},1D68A,𝚊,,,0,True
\mathtt{b},1D68B,𝚋,,,0,True
\mathtt{c},1D68C,𝚌,,,0,True
\mathtt{d},1D68D,𝚍,,,0,True
\mathtt{e},1D68E,𝚎,,,0,True
\mathtt{f},1D68F,𝚏,,,0,True
\mathtt{g},1D690,𝚐,,,0,True
\mathtt{h},1D691,𝚑,,,0,True
\mathtt{i},1D692,𝚒,,,0,True
\mathtt{j},1D693,𝚓,,,0,True
\mathtt{k},1D694,𝚔,,,0,True
\mathtt{l},1D695,𝚕,,,0,True
\mathtt{m},1D696,𝚖,,,0,True
\mathtt{n},1D697,𝚗,,,0,True
\mathtt{o},1D698,𝚘,,,0,True
\mathtt{p},1D699,𝚙,,,0,True
\mathtt{q},1D69A,𝚚,,,0,True
\mathtt{r},1D69B,𝚛,,,0,True
\mathtt{s},1D69C,𝚜,,,0,True
\mathtt{t},1D69D,𝚝,,,0,True
\mathtt{u},1D69E,𝚞,,,0,True
\mathtt{v},1D69F,𝚟,,,0,True
\mathtt{w},1D6A0,𝚠,,,0,True
\mathtt{x},1D6A1,𝚡,,,0,True
\mathtt{y},1D6A2,𝚢,,,0,True
\mathtt{z},1D6A3,𝚣,,,0,True
\imath,1D6A4,𝚤,,,0,True
\jmath,1D6A5,𝚥,,,0,True
,1D6A8,𝚨,,,0,True
,1D6A9,𝚩,,,0,True
\mathbf{\Gamma},1D6AA,𝚪,,,0,True
\mathbf{\Delta},1D6AB,𝚫,,,0,True
,1D6AC,𝚬,,,0,True
,1D6AD,𝚭,,,0,True
,1D6AE,𝚮,,,0,True
\mathbf{\Theta},1D6AF,𝚯,,,0,True
,1D6B0,𝚰,,,0,True
,1D6B1,𝚱,,,0,True
\mathbf{\Lambda},1D6B2,𝚲,,,0,True
,1D6B3,𝚳,,,0,True
,1D6B4,𝚴,,,0,True
\mathbf{\Xi},1D6B5,𝚵,,,0,True
,1D6B6,𝚶,,,0,True
\mathbf{\Pi},1D6B7,𝚷,,,0,True
,1D6B8,𝚸,,,0,True
,1D6B9,𝚹,,,0,True
\mathbf{\Sigma},1D6BA,𝚺,,,0,True
,1D6BB,𝚻,,,0,True
\mathbf{\Upsilon},1D6BC,𝚼,,,0,True
\mathbf{\Phi},1D6BD,𝚽,,,0,True
,1D6BE,𝚾,,,0,True
\mathbf{\Psi},1D6BF,𝚿,,,0,True
\mathbf{\Omega},1D6C0,𝛀,,,0,True
,1D6C1,𝛁,,,0,True
\mathbf{\alpha},1D6C2,𝛂,,,0,True
\mathbf{\beta},1D6C3,𝛃,,,0,True
\mathbf{\gamma},1D6C4,𝛄,,,0,True
\mathbf{\delta},1D6C5,𝛅,,,0,True
\mathbf{\varepsilon},1D6C6,𝛆,,,0,True
\mathbf{\zeta},1D6C7,𝛇,,,0,True
\mathbf{\eta},1D6C8,𝛈,,,0,True
\mathbf{\theta},1D6C9,𝛉,,,0,True
\mathbf{\iota},1D6CA,𝛊,,,0,True
\mathbf{\kappa},1D6CB,𝛋,,,0,True
\mathbf{\lambda},1D6CC,𝛌,,,0,True
\mathbf{\mu},1D6CD,𝛍,,,0,True
\mathbf{\nu},1D6CE,𝛎,,,0,True
\mathbf{\xi},1D6CF,𝛏,,,0,True
,1D6D0,𝛐,,,0,True
\mathbf{\pi},1D6D1,𝛑,,,0,True
\mathbf{\rho},1D6D2,𝛒,,,0,True
\mathbf{\varsigma},1D6D3,𝛓,,,0,True
\mathbf{\sigma},1D6D4,𝛔,,,0,True
\mathbf{\tau},1D6D5,𝛕,,,0,True
\mathbf{\upsilon},1D6D6,𝛖,,,0,True
\mathbf{\varphi},1D6D7,𝛗,,,0,True
\mathbf{\chi},1D6D8,𝛘,,,0,True
\mathbf{\psi},1D6D9,𝛙,,,0,True
\mathbf{\omega},1D6DA,𝛚,,,0,True
,1D6DB,𝛛,,,0,True
\mathbf{\epsilon},1D6DC,𝛜,,,0,True
\mathbf{\vartheta},1D6DD,𝛝,,,0,True
,1D6DE,𝛞,,,0,True
\mathbf{\phi},1D6DF,𝛟,,,0,True
\mathbf{\varrho},1D6E0,𝛠,,,0,True
\mathbf{\varpi},1D6E1,𝛡,,,0,True
,1D6E2,𝛢,,,0,True
,1D6E3,𝛣,,,0,True
\Gamma,1D6E4,𝛤,,,0,True
\Delta,1D6E5,𝛥,,,0,True
,1D6E6,𝛦,,,0,True
,1D6E7,𝛧,,,0,True
,1D6E8,𝛨,,,0,True
\Theta,1D6E9,𝛩,,,0,True
,1D6EA,𝛪,,,0,True
,1D6EB,𝛫,,,0,True
\Lambda,1D6EC,𝛬,,,0,True
,1D6ED,𝛭,,,0,True
,1D6EE,𝛮,,,0,True
\Xi,1D6EF,𝛯,,,0,True
,1D6F0,𝛰,,,0,True
\Pi,1D6F1,𝛱,,,0,True
,1D6F2,𝛲,,,0,True
,1D6F3,𝛳,,,0,True
\Sigma,1D6F4,𝛴,,,0,True
,1D6F5,𝛵,,,0,True
\Upsilon,1D6F6,𝛶,,,0,True
\Phi,1D6F7,𝛷,,,0,True
,1D6F8,𝛸,,,0,True
\Psi,1D6F9,𝛹,,,0,True
\Omega,1D6FA,𝛺,,,0,True
,1D6FB,𝛻,,,0,True
\alpha,1D6FC,𝛼,,,0,True
\beta,1D6FD,𝛽,,,0,True
\gamma,1D6FE,𝛾,,,0,True
\delta,1D6FF,𝛿,,,0,True
\varepsilon,1D700,𝜀,,,0,True
\zeta,1D701,𝜁,,,0,True
\eta,1D702,𝜂,,,0,True
\theta,1D703,𝜃,,,0,True
\iota,1D704,𝜄,,,0,True
\kappa,1D705,𝜅,,,0,True
\lambda,1D706,𝜆,,,0,True
\mu,1D707,𝜇,,,0,True
\nu,1D708,𝜈,,,0,True
\xi,1D709,𝜉,,,0,True
,1D70A,𝜊,,,0,True
\pi,1D70B,𝜋,,,0,True
\rho,1D70C,𝜌,,,0,True
\varsigma,1D70D,𝜍,,,0,True
\sigma,1D70E,𝜎,,,0,True
\tau,1D70F,𝜏,,,0,True
\upsilon,1D710,𝜐,,,0,True
\varphi,1D711,𝜑,,,0,True
\chi,1D712,𝜒,,,0,True
\psi,1D713,𝜓,,,0,True
\omega,1D714,𝜔,,,0,True
\partial,1D715,𝜕,,,0,True
\epsilon,1D716,𝜖,,,0,True
\vartheta,1D717,𝜗,,,0,True
\varkappa,1D718,𝜘,,,0,True
\phi,1D719,𝜙,,,0,True
\varrho,1D71A,𝜚,,,0,True
\varpi,1D71B,𝜛,,,0,True
,1D71C,𝜜,,,0,True
,1D71D,𝜝,,,0,True
\mathbfit{\Gamma},1D71E,𝜞,,,0,True
\mathbfit{\Delta},1D71F,𝜟,,,0,True
,1D720,𝜠,,,0,True
,1D721,𝜡,,,0,True
,1D722,𝜢,,,0,True
\mathbfit{\Theta},1D723,𝜣,,,0,True
,1D724,𝜤,,,0,True
,1D725,𝜥,,,0,True
\mathbfit{\Lambda},1D726,𝜦,,,0,True
,1D727,𝜧,,,0,True
,1D728,𝜨,,,0,True
\mathbfit{\Xi},1D729,𝜩,,,0,True
,1D72A,𝜪,,,0,True
\mathbfit{\Pi},1D72B,𝜫,,,0,True
,1D72C,𝜬,,,0,True
,1D72D,𝜭,,,0,True
\mathbfit{\Sigma},1D72E,𝜮,,,0,True
,1D72F,𝜯,,,0,True
\mathbfit{\Upsilon},1D730,𝜰,,,0,True
\mathbfit{\Phi},1D731,𝜱,,,0,True
,1D732,𝜲,,,0,True
\mathbfit{\Psi},1D733,𝜳,,,0,True
\mathbfit{\Omega},1D734,𝜴,,,0,True
,1D735,𝜵,,,0,True
\mathbfit{\alpha},1D736,𝜶,,,0,True
\mathbfit{\beta},1D737,𝜷,,,0,True
\mathbfit{\gamma},1D738,𝜸,,,0,True
\mathbfit{\delta},1D739,𝜹,,,0,True
\mathbfit{\varepsilon},1D73A,𝜺,,,0,True
\mathbfit{\zeta},1D73B,𝜻,,,0,True
\mathbfit{\eta},1D73C,𝜼,,,0,True
\mathbfit{\theta},1D73D,𝜽,,,0,True
\mathbfit{\iota},1D73E,𝜾,,,0,True
\mathbfit{\kappa},1D73F,𝜿,,,0,True
\mathbfit{\lambda},1D740,𝝀,,,0,True
\mathbfit{\mu},1D741,𝝁,,,0,True
\mathbfit{\nu},1D742,𝝂,,,0,True
\mathbfit{\xi},1D743,𝝃,,,0,True
,1D744,𝝄,,,0,True
\mathbfit{\pi},1D745,𝝅,,,0,True
\mathbfit{\rho},1D746,𝝆,,,0,True
\mathbfit{\varsigma},1D747,𝝇,,,0,True
\mathbfit{\sigma},1D748,𝝈,,,0,True
\mathbfit{\tau},1D749,𝝉,,,0,True
\mathbfit{\upsilon},1D74A,𝝊,,,0,True
\mathbfit{\varphi},1D74B,𝝋,,,0,True
\mathbfit{\chi},1D74C,𝝌,,,0,True
\mathbfit{\psi},1D74D,𝝍,,,0,True
\mathbfit{\omega},1D74E,𝝎,,,0,True
,1D74F,𝝏,,,0,True
\mathbfit{\epsilon},1D750,𝝐,,,0,True
\mathbfit{\vartheta},1D751,𝝑,,,0,True
,1D752,𝝒,,,0,True
\mathbfit{\phi},1D753,𝝓,,,0,True
\mathbfit{\varrho},1D754,𝝔,,,0,True
\mathbfit{\varpi},1D755,𝝕,,,0,True
,1D756,𝝖,,,0,True
,1D757,𝝗,,,0,True
\mathsfbf{\Gamma},1D758,𝝘,,,0,True
\mathsfbf{\Delta},1D759,𝝙,,,0,True
,1D75A,𝝚,,,0,True
,1D75B,𝝛,,,0,True
,1D75C,𝝜,,,0,True
\mathsfbf{\Theta},1D75D,𝝝,,,0,True
,1D75E,𝝞,,,0,True
,1D75F,𝝟,,,0,True
\mathsfbf{\Lambda},1D760,𝝠,,,0,True
,1D761,𝝡,,,0,True
,1D762,𝝢,,,0,True
\mathsfbf{\Xi},1D763,𝝣,,,0,True
,1D764,𝝤,,,0,True
\mathsfbf{\Pi},1D765,𝝥,,,0,True
,1D766,𝝦,,,0,True
,1D767,𝝧,,,0,True
\mathsfbf{\Sigma},1D768,𝝨,,,0,True
,1D769,𝝩,,,0,True
\mathsfbf{\Upsilon},1D76A,𝝪,,,0,True
\mathsfbf{\Phi},1D76B,𝝫,,,0,True
,1D76C,𝝬,,,0,True
\mathsfbf{\Psi},1D76D,𝝭,,,0,True
\mathsfbf{\Omega},1D76E,𝝮,,,0,True
,1D76F,𝝯,,,0,True
\mathsfbf{\alpha},1D770,𝝰,,,0,True
\mathsfbf{\beta},1D771,𝝱,,,0,True
\mathsfbf{\gamma},1D772,𝝲,,,0,True
\mathsfbf{\delta},1D773,𝝳,,,0,True
\mathsfbf{\varepsilon},1D774,𝝴,,,0,True
\mathsfbf{\zeta},1D775,𝝵,,,0,True
\mathsfbf{\eta},1D776,𝝶,,,0,True
\mathsfbf{\theta},1D777,𝝷,,,0,True
\mathsfbf{\iota},1D778,𝝸,,,0,True
\mathsfbf{\kappa},1D779,𝝹,,,0,True
\mathsfbf{\lambda},1D77A,𝝺,,,0,True
\mathsfbf{\mu},1D77B,𝝻,,,0,True
\mathsfbf{\nu},1D77C,𝝼,,,0,True
\mathsfbf{\xi},1D77D,𝝽,,,0,True
,1D77E,𝝾,,,0,True
\mathsfbf{\pi},1D77F,𝝿,,,0,True
\mathsfbf{\rho},1D780,𝞀,,,0,True
\mathsfbf{\varsigma},1D781,𝞁,,,0,True
\mathsfbf{\sigma},1D782,𝞂,,,0,True
\mathsfbf{\tau},1D783,𝞃,,,0,True
\mathsfbf{\upsilon},1D784,𝞄,,,0,True
\mathsfbf{\varphi},1D785,𝞅,,,0,True
\mathsfbf{\chi},1D786,𝞆,,,0,True
\mathsfbf{\psi},1D787,𝞇,,,0,True
\mathsfbf{\omega},1D788,𝞈,,,0,True
,1D789,𝞉,,,0,True
\mathsfbf{\epsilon},1D78A,𝞊,,,0,True
\mathsfbf{\vartheta},1D78B,𝞋,,,0,True
,1D78C,𝞌,,,0,True
\mathsfbf{\phi},1D78D,𝞍,,,0,True
\mathsfbf{\varrho},1D78E,𝞎,,,0,True
\mathsfbf{\varpi},1D78F,𝞏,,,0,True
,1D790,𝞐,,,0,True
,1D791,𝞑,,,0,True
\mathsfbfit{\Gamma},1D792,𝞒,,,0,True
\mathsfbfit{\Delta},1D793,𝞓,,,0,True
,1D794,𝞔,,,0,True
,1D795,𝞕,,,0,True
,1D796,𝞖,,,0,True
\mathsfbfit{\Theta},1D797,𝞗,,,0,True
,1D798,𝞘,,,0,True
,1D799,𝞙,,,0,True
\mathsfbfit{\Lambda},1D79A,𝞚,,,0,True
,1D79B,𝞛,,,0,True
,1D79C,𝞜,,,0,True
\mathsfbfit{\Xi},1D79D,𝞝,,,0,True
,1D79E,𝞞,,,0,True
\mathsfbfit{\Pi},1D79F,𝞟,,,0,True
,1D7A0,𝞠,,,0,True
,1D7A1,𝞡,,,0,True
\mathsfbfit{\Sigma},1D7A2,𝞢,,,0,True
,1D7A3,𝞣,,,0,True
\mathsfbfit{\Upsilon},1D7A4,𝞤,,,0,True
\mathsfbfit{\Phi},1D7A5,𝞥,,,0,True
,1D7A6,𝞦,,,0,True
\mathsfbfit{\Psi},1D7A7,𝞧,,,0,True
\mathsfbfit{\Omega},1D7A8,𝞨,,,0,True
,1D7A9,𝞩,,,0,True
\mathsfbfit{\alpha},1D7AA,𝞪,,,0,True
\mathsfbfit{\beta},1D7AB,𝞫,,,0,True
\mathsfbfit{\gamma},1D7AC,𝞬,,,0,True
\mathsfbfit{\delta},1D7AD,𝞭,,,0,True
\mathsfbfit{\varepsilon},1D7AE,𝞮,,,0,True
\mathsfbfit{\zeta},1D7AF,𝞯,,,0,True
\mathsfbfit{\eta},1D7B0,𝞰,,,0,True
\mathsfbfit{\theta},1D7B1,𝞱,,,0,True
\mathsfbfit{\iota},1D7B2,𝞲,,,0,True
\mathsfbfit{\kappa},1D7B3,𝞳,,,0,True
\mathsfbfit{\lambda},1D7B4,𝞴,,,0,True
\mathsfbfit{\mu},1D7B5,𝞵,,,0,True
\mathsfbfit{\nu},1D7B6,𝞶,,,0,True
\mathsfbfit{\xi},1D7B7,𝞷,,,0,True
,1D7B8,𝞸,,,0,True
\mathsfbfit{\pi},1D7B9,𝞹,,,0,True
\mathsfbfit{\rho},1D7BA,𝞺,,,0,True
\mathsfbfit{\varsigma},1D7BB,𝞻,,,0,True
\mathsfbfit{\sigma},1D7BC,𝞼,,,0,True
\mathsfbfit{\tau},1D7BD,𝞽,,,0,True
\mathsfbfit{\upsilon},1D7BE,𝞾,,,0,True
\mathsfbfit{\varphi},1D7BF,𝞿,,,0,True
\mathsfbfit{\chi},1D7C0,𝟀,,,0,True
\mathsfbfit{\psi},1D7C1,𝟁,,,0,True
\mathsfbfit{\omega},1D7C2,𝟂,,,0,True
,1D7C3,𝟃,,,0,True
\mathsfbfit{\epsilon},1D7C4,𝟄,,,0,True
\mathsfbfit{\vartheta},1D7C5,𝟅,,,0,True
,1D7C6,𝟆,,,0,True
\mathsfbfit{\phi},1D7C7,𝟇,,,0,True
\mathsfbfit{\varrho},1D7C8,𝟈,,,0,True
\mathsfbfit{\varpi},1D7C9,𝟉,,,0,True
,1D7CA,𝟊,,,0,True
,1D7CB,𝟋,,,0,True
\mathbf{0},1D7CE,𝟎,,,0,True
\mathbf{1},1D7CF,𝟏,,,0,True
\mathbf{2},1D7D0,𝟐,,,0,True
\mathbf{3},1D7D1,𝟑,,,0,True
\mathbf{4},1D7D2,𝟒,,,0,True
\mathbf{5},1D7D3,𝟓,,,0,True
\mathbf{6},1D7D4,𝟔,,,0,True
\mathbf{7},1D7D5,𝟕,,,0,True
\mathbf{8},1D7D6,𝟖,,,0,True
\mathbf{9},1D7D7,𝟗,,,0,True
\mathbb{0},1D7D8,𝟘,,,0,True
\mathbb{1},1D7D9,𝟙,,,0,True
\mathbb{2},1D7DA,𝟚,,,0,True
\mathbb{3},1D7DB,𝟛,,,0,True
\mathbb{4},1D7DC,𝟜,,,0,True
\mathbb{5},1D7DD,𝟝,,,0,True
\mathbb{6},1D7DE,𝟞,,,0,True
\mathbb{7},1D7DF,𝟟,,,0,True
\mathbb{8},1D7E0,𝟠,,,0,True
\mathbb{9},1D7E1,𝟡,,,0,True
\mathsf{0},1D7E2,𝟢,,,0,True
\mathsf{1},1D7E3,𝟣,,,0,True
\mathsf{2},1D7E4,𝟤,,,0,True
\mathsf{3},1D7E5,𝟥,,,0,True
\mathsf{4},1D7E6,𝟦,,,0,True
\mathsf{5},1D7E7,𝟧,,,0,True
\mathsf{6},1D7E8,𝟨,,,0,True
\mathsf{7},1D7E9,𝟩,,,0,True
\mathsf{8},1D7EA,𝟪,,,0,True
\mathsf{9},1D7EB,𝟫,,,0,True
\mathsfbf{0},1D7EC,𝟬,,,0,True
\mathsfbf{1},1D7ED,𝟭,,,0,True
\mathsfbf{2},1D7EE,𝟮,,,0,True
\mathsfbf{3},1D7EF,𝟯,,,0,True
\mathsfbf{4},1D7F0,𝟰,,,0,True
\mathsfbf{5},1D7F1,𝟱,,,0,True
\mathsfbf{6},1D7F2,𝟲,,,0,True
\mathsfbf{7},1D7F3,𝟳,,,0,True
\mathsfbf{8},1D7F4,𝟴,,,0,True
\mathsfbf{9},1D7F5,𝟵,,,0,True
\mathtt{0},1D7F6,𝟶,,,0,True
\mathtt{1},1D7F7,𝟷,,,0,True
\mathtt{2},1D7F8,𝟸,,,0,True
\mathtt{3},1D7F9,𝟹,,,0,True
\mathtt{4},1D7FA,𝟺,,,0,True
\mathtt{5},1D7FB,𝟻,,,0,True
\mathtt{6},1D7FC,𝟼,,,0,True
\mathtt{7},1D7FD,𝟽,,,0,True
\mathtt{8},1D7FE,𝟾,,,0,True
\mathtt{9},1D7FF,𝟿,,,0,True
